Province,District,Commodity,Rain_mm,Temp_C,Humidity_pct,Soil_pH,Soil_N_index,Soil_P_index,Soil_K_index,Area_Ha,Prev_Yield_KgHa
Papua Barat Daya,Sorong Selatan,Tebu,2248.4,26.6,85.4,4.25,3,1,2,46.22,69313.8
Sulawesi Utara,Manado,Tebu,2118.8,28.2,74.7,4.8,2,1,2,80.65,59262.5
Gorontalo,Bone Bolango,Padi,2561.7,26.2,90.0,5.01,3,2,3,34.48,6193.6
Sulawesi Barat,Mamasa,Cabai Rawit,1956.5,28.4,75.7,5.68,1,2,1,1.1,10751.6
Kalimantan Timur,Paser,Tebu,2600.9,28.5,78.1,5.12,3,3,2,59.96,71487.9
Sumatera Utara,Simalungun,Bawang Merah,1086.2,28.1,80.7,5.33,2,2,1,6.55,8578.7
Jawa Timur,Bondowoso,Cabai Rawit,1610.1,26.4,75.3,5.73,2,3,3,8.61,6052.9
Sulawesi Tenggara,Buton,Jagung,2449.9,26.8,82.3,4.9,2,4,4,34.34,8491.6
Papua Selatan,Merauke,Padi,2598.1,25.0,89.1,5.39,3,2,1,22.67,6679.3
Sulawesi Tengah,Palu,Padi,1101.5,26.6,77.0,5.34,1,1,3,30.52,7056.3
Jawa Barat,Indramayu,Tebu,1427.4,28.0,85.1,6.34,2,3,2,77.69,58956.5
Jawa Barat,Cianjur,Padi,1838.5,25.5,80.1,5.84,1,3,3,49.49,6926.4
Kalimantan Selatan,Tanah Laut,Cabai Rawit,2769.2,28.2,90.2,5.52,4,4,3,5.03,7328.9
Sumatera Barat,Solok,Jagung,2433.3,25.7,88.8,5.81,3,3,4,37.62,7693.7
Banten,Cilegon,Padi,2147.9,26.1,77.9,6.74,3,2,2,8.85,6435.7
Maluku Utara,Tidore,Padi,2767.1,26.4,97.3,5.7,3,4,5,35.63,6243.8
Papua Barat,Teluk Bintuni,Cabai Rawit,3500.0,28.0,94.0,5.64,3,2,2,4.37,9581.3
Papua Tengah,Dogiyai,Padi,2004.8,28.0,82.1,4.44,2,4,3,12.76,6322.2
Bengkulu,Rejang Lebong,Tebu,2633.4,26.0,84.3,5.11,3,1,3,40.79,69693.9
Jambi,Tebo,Cabai Rawit,2607.7,26.8,76.8,5.02,2,2,2,10.98,7329.8
Bali,Tabanan,Bawang Merah,1901.5,27.2,68.3,5.7,3,2,2,1.92,13208.4
Kalimantan Timur,Berau,Bawang Merah,2756.0,28.3,81.9,5.29,2,3,2,0.89,8597.3
Nusa Tenggara Timur,TTU,Bawang Merah,1409.5,28.7,55.0,7.35,3,2,3,2.17,12665.7
Kalimantan Timur,Paser,Jagung,3092.7,27.5,90.0,4.2,1,1,3,7.24,5955.7
Kalimantan Timur,Balikpapan,Jagung,1706.4,26.5,88.5,6.13,3,3,3,63.28,6889.9
Jawa Barat,Cirebon,Bawang Merah,1861.0,28.3,73.0,5.43,2,2,2,2.55,12772.0
Sulawesi Barat,Mamuju Tengah,Jagung,2240.3,28.2,84.4,5.61,2,2,2,80.0,6143.1
DI Yogyakarta,Kulon Progo,Cabai Rawit,1746.1,27.0,73.9,5.99,3,2,4,1.89,11405.8
Jawa Barat,Sukabumi,Bawang Merah,1585.9,29.6,81.3,5.55,4,2,2,1.18,11783.5
Kalimantan Tengah,Kotawaringin Timur,Cabai Rawit,2059.3,29.3,89.2,5.2,3,3,1,5.37,9870.6
Jawa Barat,Sukabumi,Cabai Rawit,1487.6,27.9,75.1,5.99,3,2,3,2.13,10126.9
Kalimantan Tengah,Pulang Pisau,Jagung,2530.2,27.0,84.9,4.2,2,2,3,19.18,4745.3
Kalimantan Barat,Landak,Bawang Merah,2397.5,28.4,78.2,4.46,4,3,3,2.42,12582.7
Lampung,Pringsewu,Jagung,2425.8,26.7,82.0,5.72,4,2,2,20.15,4570.9
Sulawesi Utara,Manado,Bawang Merah,1725.6,26.5,70.1,5.85,3,3,2,3.69,13278.5
Aceh,Bireuen,Tebu,2447.3,28.1,90.2,5.91,2,3,1,44.17,90579.1
Maluku Utara,Ternate,Jagung,2307.1,27.3,84.3,5.59,3,2,1,80.0,5247.6
Sulawesi Selatan,Gowa,Tebu,1787.2,25.1,85.9,5.63,3,2,4,32.04,65897.0
Riau,Rokan Hilir,Tebu,2362.8,27.4,83.3,5.16,3,3,1,38.96,64480.3
Papua Barat Daya,Sorong Selatan,Cabai Rawit,3159.7,27.5,78.7,6.63,4,1,3,2.88,10670.1
Sumatera Selatan,Palembang,Cabai Rawit,1775.1,27.7,88.5,5.73,2,3,4,3.94,11100.1
Papua Pegunungan,Wamena,Tebu,1941.3,26.6,78.8,4.9,1,4,2,53.55,72336.7
Sumatera Utara,Langkat,Bawang Merah,2050.8,26.1,90.1,5.6,3,3,2,3.65,12861.8
Jambi,Kota Jambi,Bawang Merah,2993.8,26.7,84.7,5.29,2,1,3,2.86,8697.1
Sumatera Utara,Langkat,Jagung,2209.8,26.2,88.8,5.86,2,2,3,26.78,6174.3
Jawa Timur,Jember,Bawang Merah,1551.7,27.3,79.4,5.49,3,3,1,5.09,10149.8
Sulawesi Tenggara,Kendari,Tebu,2041.1,28.4,75.8,6.32,2,3,2,13.29,54038.0
Kalimantan Tengah,Kotawaringin Timur,Tebu,1848.9,27.9,82.8,5.13,1,2,3,130.97,99132.4
Sumatera Selatan,Ogan Komering Ilir,Padi,2265.3,27.3,81.0,5.68,4,4,3,36.28,7447.1
Kalimantan Barat,Pontianak,Jagung,2559.1,28.1,82.5,4.76,4,3,2,22.59,8927.6
Jawa Barat,Garut,Jagung,1908.3,28.6,91.1,6.12,1,2,2,19.72,4326.3
Papua Selatan,Asmat,Padi,3147.3,28.3,85.0,5.92,3,2,1,13.0,6517.1
Sulawesi Barat,Majene,Tebu,1859.6,26.3,85.0,6.03,4,3,2,33.7,72294.2
Papua Selatan,Asmat,Jagung,1965.5,27.9,89.7,4.31,1,2,4,17.85,7310.2
Kepulauan Riau,Bintan,Jagung,3021.7,26.6,85.2,5.36,3,1,3,18.48,5149.8
Kalimantan Utara,Nunukan,Padi,2162.4,27.2,94.8,5.99,2,1,1,20.14,5471.6
Aceh,Lhokseumawe,Padi,2370.7,25.6,81.0,5.55,1,1,3,22.54,6094.9
Papua Barat Daya,Maybrat,Bawang Merah,2089.2,26.2,83.0,4.47,3,2,4,4.21,11584.4
Nusa Tenggara Barat,Dompu,Jagung,1382.7,28.6,78.7,6.41,3,3,3,12.64,5300.8
Aceh,Aceh Utara,Bawang Merah,3193.0,25.2,97.1,5.34,5,3,1,4.17,9417.2
Kalimantan Utara,Bulungan,Padi,2315.8,26.5,88.6,4.56,1,3,3,14.86,7097.6
Riau,Kampar,Tebu,2089.0,24.6,86.5,5.46,2,3,3,29.4,65914.4
Sulawesi Barat,Mamuju Tengah,Bawang Merah,1987.8,27.6,77.2,5.23,2,1,2,11.47,10340.5
Maluku,Seram Bagian Timur,Bawang Merah,1631.2,26.9,88.1,5.33,3,1,3,8.0,12097.0
Banten,Pandeglang,Bawang Merah,1694.6,29.3,90.7,6.31,2,3,3,1.42,11388.6
Jawa Barat,Garut,Bawang Merah,1890.5,27.6,82.3,5.62,4,3,2,3.87,8601.4
DI Yogyakarta,Yogyakarta,Jagung,2284.9,26.4,88.4,6.07,1,1,3,8.38,8664.8
Papua,Keerom,Padi,3116.4,26.3,95.2,4.94,3,3,3,16.01,7382.7
Sulawesi Barat,Mamuju Tengah,Padi,2028.1,27.1,82.3,6.27,2,3,2,28.69,5182.6
Kalimantan Tengah,Kapuas,Bawang Merah,2612.9,29.8,81.8,4.87,3,2,3,1.69,10388.7
Kalimantan Utara,Nunukan,Tebu,2291.0,29.7,84.6,6.71,3,2,3,24.63,88577.7
Papua Pegunungan,Jayawijaya,Jagung,2512.3,26.9,90.3,4.77,3,5,4,15.38,6438.5
Sumatera Selatan,Ogan Komering Ulu,Padi,2257.2,28.2,80.2,5.21,3,4,3,26.89,4688.9
Gorontalo,Gorontalo Utara,Padi,1483.8,26.2,86.5,4.9,3,4,3,37.5,7105.7
Gorontalo,Gorontalo,Cabai Rawit,2947.8,26.0,75.8,4.72,2,3,1,2.93,11026.8
Sulawesi Barat,Mamasa,Tebu,2258.1,26.8,79.5,7.03,2,4,2,108.48,57446.2
Papua Barat,Teluk Wondama,Cabai Rawit,3124.3,26.1,83.6,5.08,3,2,1,7.11,10919.8
Papua,Keerom,Bawang Merah,3450.3,26.3,87.8,5.67,4,3,1,3.7,10304.7
Papua Pegunungan,Yalimo,Padi,3088.6,26.6,88.1,5.44,3,1,2,52.85,5534.2
Lampung,Lampung Timur,Jagung,1619.2,25.3,77.5,5.24,3,2,3,70.49,7298.5
Sulawesi Tengah,Morowali,Jagung,2288.4,25.8,79.3,6.68,2,4,4,14.6,7109.1
Bali,Klungkung,Tebu,2095.0,30.4,78.0,5.46,3,3,2,28.04,53383.8
Kepulauan Riau,Natuna,Jagung,2504.1,26.0,79.2,4.67,4,2,1,47.12,4633.0
Maluku,Buru,Tebu,2530.8,28.2,83.1,4.67,2,4,3,21.82,90184.6
Maluku,Buru,Padi,2993.8,25.6,90.3,4.34,2,2,3,10.45,4504.9
Jawa Tengah,Pati,Jagung,2223.3,28.1,89.8,5.2,2,3,4,13.43,4581.5
Sumatera Barat,Padang,Padi,2324.8,27.0,81.0,5.53,2,2,1,13.22,7021.5
Jawa Timur,Bojonegoro,Tebu,1726.8,26.0,81.7,5.45,2,3,3,19.87,96745.0
Jawa Barat,Garut,Cabai Rawit,1524.2,26.9,75.6,4.83,3,3,3,4.65,9875.6
Papua Barat,Teluk Wondama,Bawang Merah,2677.5,27.6,90.4,5.75,2,1,3,2.47,13230.6
Jambi,Tebo,Tebu,2315.3,27.2,89.3,6.0,3,3,1,61.04,90266.6
Jawa Tengah,Semarang,Padi,1811.6,27.0,88.9,5.91,3,3,4,16.27,7423.3
Nusa Tenggara Timur,Lembata,Tebu,720.5,27.9,69.3,5.41,3,2,1,14.04,80969.1
Kalimantan Tengah,Kapuas,Tebu,2756.0,28.7,89.8,5.43,3,2,4,36.36,86440.3
Sulawesi Tengah,Sigi,Padi,2597.3,27.1,86.7,4.71,3,1,3,26.1,5946.3
Papua Barat Daya,Maybrat,Cabai Rawit,2328.5,27.0,84.3,4.51,3,2,2,7.3,11285.1
Nusa Tenggara Barat,Lombok Barat,Padi,1380.4,27.9,82.3,5.33,2,1,1,33.25,4967.6
Bengkulu,Mukomuko,Bawang Merah,1951.7,24.8,89.8,6.11,4,3,3,4.91,10107.5
Papua Tengah,Dogiyai,Cabai Rawit,3091.3,27.7,89.4,4.86,1,3,2,5.31,6839.3
Sulawesi Utara,Tomohon,Bawang Merah,1792.1,28.0,88.5,5.67,2,2,2,1.34,13018.6
Kepulauan Riau,Tanjung Pinang,Cabai Rawit,2282.6,28.2,88.2,5.11,1,2,2,3.51,10400.4
Sulawesi Utara,Manado,Jagung,898.9,26.6,85.2,5.99,3,3,3,8.59,6716.9
Sulawesi Selatan,Bone,Bawang Merah,2208.2,26.7,78.6,5.2,1,2,4,5.0,9892.7
Sulawesi Utara,Minahasa Utara,Tebu,1944.2,26.9,89.5,5.9,1,1,5,28.67,64854.8
Kalimantan Selatan,Barito Kuala,Cabai Rawit,2997.5,28.1,86.5,4.87,2,3,2,3.69,6761.5
Nusa Tenggara Barat,Bima,Padi,1457.6,30.7,68.7,5.87,4,2,1,26.06,6373.1
Sumatera Selatan,Ogan Komering Ulu,Jagung,2613.4,26.6,81.8,5.66,4,3,3,12.29,8992.2
Papua,Jayapura,Cabai Rawit,2650.8,27.6,95.3,5.2,2,4,1,4.79,7276.8
Sulawesi Utara,Manado,Cabai Rawit,1705.6,28.7,77.7,5.55,4,3,1,5.07,10367.6
Papua,Mamberamo Raya,Padi,3345.4,28.0,78.1,5.81,1,4,2,11.8,5975.2
Riau,Pekanbaru,Jagung,2570.4,26.0,85.1,5.01,3,2,3,19.07,4575.7
DI Yogyakarta,Sleman,Padi,1659.9,27.5,81.3,4.62,2,3,1,22.07,7395.5
Sumatera Barat,Solok,Cabai Rawit,1708.9,25.5,81.8,5.29,2,2,2,8.4,7622.1
Kalimantan Tengah,Kotawaringin Barat,Jagung,2273.7,28.6,83.9,4.2,3,4,3,30.26,7779.9
Kalimantan Barat,Sanggau,Tebu,2364.8,28.4,88.5,4.56,1,1,1,28.3,90083.9
Banten,Serang,Padi,1729.8,28.1,79.5,6.9,3,3,2,24.41,4629.7
Sulawesi Barat,Mamasa,Jagung,2043.0,24.9,96.4,6.56,2,2,3,24.07,6243.5
Sulawesi Selatan,Gowa,Padi,1615.0,29.1,89.5,5.64,1,2,2,22.42,6976.0
Papua Barat,Fakfak,Tebu,2267.3,27.9,77.3,4.91,3,2,3,34.52,57324.1
Papua Pegunungan,Yalimo,Bawang Merah,3070.3,27.3,92.7,5.6,1,3,4,5.25,9525.2
Banten,Serang,Cabai Rawit,1750.2,27.7,86.2,5.03,1,2,3,5.57,11401.2
Bali,Gianyar,Padi,1823.3,27.8,77.3,5.93,3,2,3,16.32,6274.8
Nusa Tenggara Timur,Alor,Cabai Rawit,1174.7,26.3,69.2,5.83,2,2,3,3.4,7508.7
Maluku,Maluku Tengah,Tebu,2677.2,28.7,89.6,5.67,2,4,1,55.4,58862.9
Riau,Kampar,Cabai Rawit,2047.1,26.1,84.4,6.56,2,3,2,4.54,6386.1
Bali,Denpasar,Bawang Merah,1222.0,26.6,93.1,5.98,2,1,2,4.11,8346.5
Banten,Cilegon,Tebu,1960.3,29.0,83.6,7.21,2,2,3,36.76,80427.2
Sulawesi Tenggara,Muna,Jagung,1943.2,28.9,81.2,6.69,2,2,3,51.56,4953.4
Maluku,Ambon,Bawang Merah,2634.8,28.3,79.5,5.78,2,3,2,3.02,11137.1
Nusa Tenggara Barat,Lombok Timur,Bawang Merah,1529.0,30.1,68.6,6.6,1,5,2,1.97,8794.8
Sulawesi Tenggara,Buton,Bawang Merah,2053.9,26.5,73.5,4.7,2,4,4,4.84,10899.2
Sumatera Barat,Tanah Datar,Padi,1314.8,25.0,87.8,4.5,4,3,2,13.24,4672.7
Sulawesi Utara,Bolaang Mongondow,Cabai Rawit,1929.5,27.0,77.8,5.68,2,3,2,1.17,10558.7
Jawa Timur,Jember,Tebu,2549.0,26.7,81.5,6.31,2,3,3,36.32,94465.8
DKI Jakarta,Kep. Seribu,Jagung,1778.0,26.9,77.5,6.88,2,2,2,18.03,5615.6
Kalimantan Selatan,Banjar,Tebu,2540.1,28.8,85.5,4.79,3,2,4,58.18,70112.6
Kepulauan Riau,Batam,Cabai Rawit,2319.1,26.0,85.3,5.54,3,2,2,6.42,10146.9
Bangka Belitung,Belitung,Jagung,2597.8,26.9,85.3,5.47,3,2,2,26.28,5696.1
Sumatera Barat,Agam,Jagung,2516.8,27.2,86.4,6.55,3,2,4,30.04,4266.3
Papua Tengah,Nabire,Cabai Rawit,2980.5,28.2,95.9,5.35,3,2,2,2.25,8621.1
Bengkulu,Bengkulu Utara,Tebu,2585.4,27.8,85.4,4.83,4,4,1,37.27,71065.0
Papua Barat Daya,Tambrauw,Padi,2686.6,26.6,82.2,5.49,2,3,3,13.62,6791.5
Sulawesi Selatan,Wajo,Padi,2387.4,27.5,84.8,5.94,1,3,1,21.53,7456.1
Sumatera Barat,Tanah Datar,Tebu,2242.1,25.5,88.0,6.12,1,2,2,54.91,62038.4
Jambi,Kota Jambi,Jagung,2884.6,26.3,83.4,5.55,4,3,3,16.8,6350.6
Lampung,Metro,Padi,2739.6,27.8,93.8,5.45,5,3,3,5.86,6016.3
Kepulauan Riau,Karimun,Cabai Rawit,2340.1,27.5,82.8,6.33,2,2,2,5.4,9396.2
Sulawesi Barat,Majene,Bawang Merah,1475.4,27.9,70.6,5.45,3,3,4,2.77,11712.7
Kalimantan Barat,Pontianak,Bawang Merah,2364.6,27.0,89.2,5.05,1,3,5,4.03,12167.9
Bangka Belitung,Belitung Timur,Jagung,2013.9,25.5,87.3,6.69,2,1,3,23.73,8364.6
Kalimantan Tengah,Palangka Raya,Bawang Merah,1910.2,28.1,81.4,4.36,5,4,5,4.29,8151.4
Sulawesi Tenggara,Konawe Selatan,Tebu,2685.4,26.4,96.4,5.7,1,2,2,53.31,66369.7
Sulawesi Selatan,Bone,Tebu,1795.7,27.6,79.2,5.4,3,2,3,10.05,64935.5
Riau,Pelalawan,Bawang Merah,1944.7,27.1,87.7,5.61,4,2,2,1.05,13341.6
Kepulauan Riau,Natuna,Tebu,2610.1,26.6,83.8,6.11,1,1,4,23.01,85010.0
Kalimantan Barat,Mempawah,Bawang Merah,2959.1,28.4,92.2,5.23,1,4,3,2.05,12610.6
Papua Selatan,Boven Digoel,Jagung,2867.8,25.4,81.2,6.52,2,4,2,27.95,7487.6
Kalimantan Timur,Samarinda,Cabai Rawit,2187.7,27.9,80.6,4.35,2,3,2,4.61,8627.3
Aceh,Bireuen,Jagung,1656.7,26.0,88.1,6.19,3,2,1,34.98,7434.7
Papua Barat,Kaimana,Cabai Rawit,2905.0,28.1,87.3,5.96,2,2,4,12.17,9669.0
Kalimantan Timur,Kutai Barat,Jagung,2878.6,27.7,86.9,4.49,1,3,3,32.38,7494.2
Riau,Rokan Hulu,Tebu,2236.0,25.8,91.1,5.59,2,4,3,25.24,83630.5
Sumatera Utara,Langkat,Padi,2131.8,27.0,85.8,5.36,5,2,3,14.68,6266.6
Kalimantan Tengah,Kotawaringin Timur,Padi,2167.6,27.4,83.0,4.32,2,1,3,28.37,6223.8
Papua,Keerom,Jagung,3002.5,27.2,95.5,4.69,3,1,2,16.87,7066.3
Papua Selatan,Mappi,Jagung,2051.0,27.7,75.6,4.62,3,2,4,47.8,5692.9
DI Yogyakarta,Bantul,Padi,1956.9,28.1,76.8,6.07,2,1,4,15.91,5874.1
Papua Tengah,Intan Jaya,Jagung,2110.0,27.0,88.2,4.75,3,2,3,31.07,5756.5
Papua Tengah,Deiyai,Padi,3498.3,28.4,88.6,5.76,3,2,4,21.72,5873.2
Kalimantan Barat,Kubu Raya,Bawang Merah,2210.9,28.9,79.9,5.36,2,2,4,6.67,9592.2
Sumatera Barat,Pasaman,Bawang Merah,1855.9,26.9,92.8,5.18,3,1,3,3.2,8667.5
Sulawesi Tengah,Sigi,Jagung,1840.6,26.9,80.5,5.21,3,3,3,27.9,5988.4
Bengkulu,Mukomuko,Cabai Rawit,2789.9,26.7,85.7,5.79,1,3,2,5.51,8518.3
Kalimantan Selatan,Tanah Laut,Tebu,2831.9,28.4,87.3,4.89,2,3,2,44.78,60529.3
Bali,Badung,Tebu,1192.3,27.1,81.9,4.51,1,1,3,23.41,58375.0
Papua,Sarmi,Jagung,3121.6,27.3,79.9,5.93,2,3,2,27.26,6636.5
Sulawesi Selatan,Sinjai,Cabai Rawit,2153.2,27.6,87.8,5.45,2,1,3,2.1,8130.2
Sumatera Selatan,Ogan Ilir,Cabai Rawit,2364.4,26.3,84.4,5.49,4,2,3,5.47,10621.9
Jawa Tengah,Klaten,Bawang Merah,1768.7,27.2,79.0,6.12,3,3,1,2.52,13389.4
Kalimantan Tengah,Kotawaringin Barat,Tebu,2136.1,27.5,85.1,4.2,1,1,3,14.15,75732.2
Papua Selatan,Merauke,Bawang Merah,3157.9,26.2,88.9,5.57,2,3,3,3.52,13183.0
DI Yogyakarta,Yogyakarta,Padi,2426.7,28.8,73.3,5.62,2,1,3,13.33,5728.3
Bengkulu,Rejang Lebong,Jagung,2500.4,26.4,81.2,5.1,1,1,3,17.67,5245.5
Papua Pegunungan,Yalimo,Tebu,3224.1,27.6,83.7,5.69,3,1,4,134.36,71502.1
Papua,Mamberamo Raya,Cabai Rawit,1993.5,28.3,81.9,4.86,1,2,2,3.03,11540.6
Banten,Lebak,Jagung,1677.1,26.8,78.5,5.55,3,3,2,37.01,7941.4
Jambi,Tanjung Jabung Timur,Jagung,1970.7,27.0,80.3,5.89,1,3,2,22.06,4423.1
Kalimantan Timur,Berau,Tebu,2639.6,29.1,89.5,4.57,1,2,3,39.69,79473.2
Kepulauan Riau,Batam,Jagung,2246.7,27.3,78.9,6.36,1,3,3,29.1,4856.3
Kalimantan Tengah,Palangka Raya,Cabai Rawit,3161.2,27.5,91.5,4.2,3,2,3,6.62,10833.1
Sumatera Selatan,Musi Banyuasin,Jagung,2402.7,25.2,87.4,6.26,2,2,2,42.79,6719.0
DKI Jakarta,Jakarta Barat,Jagung,2058.2,27.1,77.4,5.77,2,3,2,7.29,5942.5
Jawa Timur,Tuban,Bawang Merah,1498.1,25.9,83.7,5.11,3,2,3,5.29,9130.8
Kalimantan Tengah,Kapuas,Jagung,2761.7,26.5,87.5,4.91,3,3,4,31.95,7553.0
Kepulauan Riau,Lingga,Padi,2458.2,26.3,86.7,5.32,4,3,4,12.33,6220.9
Sumatera Utara,Serdang Bedagai,Cabai Rawit,2072.2,27.9,89.6,6.28,2,1,3,4.54,10155.9
Kalimantan Utara,Tana Tidung,Cabai Rawit,2214.2,27.3,75.5,5.39,3,3,2,7.05,11829.5
Sulawesi Tenggara,Muna,Padi,1499.1,26.2,80.0,6.0,2,1,4,10.93,4875.9
Aceh,Pidie,Jagung,2503.5,27.5,90.5,5.25,2,1,3,34.42,6882.5
Kalimantan Selatan,Banjarbaru,Bawang Merah,2812.1,26.1,83.0,6.11,2,3,3,7.75,8950.3
Bengkulu,Kepahiang,Padi,1572.5,24.5,83.0,4.83,1,2,2,25.58,6413.3
Lampung,Lampung Selatan,Bawang Merah,2220.7,26.2,83.1,6.35,2,3,3,4.99,13758.7
Sumatera Utara,Deli Serdang,Jagung,2027.1,26.7,93.3,5.9,1,2,3,47.51,8195.4
Aceh,Pidie,Padi,1476.3,25.6,84.0,5.04,3,4,2,9.92,6296.8
DI Yogyakarta,Bantul,Cabai Rawit,1419.3,26.3,71.6,6.39,2,2,3,1.26,11785.0
DKI Jakarta,Kep. Seribu,Tebu,2156.2,27.1,85.7,6.42,2,2,2,15.4,57525.7
Maluku Utara,Halmahera Tengah,Tebu,2412.1,26.9,84.2,5.89,3,4,4,33.73,81425.4
Kalimantan Tengah,Pulang Pisau,Padi,2500.4,28.2,89.1,4.58,4,3,3,35.91,5199.7
Gorontalo,Pohuwato,Padi,2285.8,27.2,75.4,5.04,2,1,2,14.65,4649.9
Bali,Karangasem,Padi,1713.1,26.5,79.2,7.26,1,1,1,37.66,7247.5
Nusa Tenggara Timur,Manggarai,Tebu,1580.6,27.9,64.3,6.41,2,4,3,62.3,64680.6
Sumatera Barat,Pasaman,Cabai Rawit,2394.9,28.2,78.0,5.55,2,2,4,4.76,6310.0
Jawa Barat,Indramayu,Padi,1839.6,27.7,80.0,5.84,1,2,3,28.47,7333.3
Jawa Timur,Surabaya,Tebu,2243.0,27.3,77.5,4.8,3,2,3,14.9,51645.0
Bali,Gianyar,Jagung,1659.8,28.1,77.5,5.75,3,4,2,26.88,6110.6
Sulawesi Selatan,Parepare,Jagung,1641.3,27.3,87.4,5.54,3,3,2,47.66,4078.4
Jambi,Tebo,Padi,2574.0,25.9,86.6,5.32,4,3,2,30.16,7388.7
Papua Pegunungan,Wamena,Jagung,3324.4,29.8,91.0,5.01,4,2,3,19.51,6461.9
Sulawesi Barat,Polewali Mandar,Cabai Rawit,2398.8,26.7,69.6,5.88,5,2,2,2.08,10404.8
Bali,Gianyar,Bawang Merah,1011.7,25.4,85.7,5.38,2,3,2,0.95,10202.8
Sulawesi Selatan,Maros,Padi,2315.2,26.3,78.5,4.65,5,1,2,17.29,4835.7
Papua Barat Daya,Sorong,Jagung,2828.3,27.0,87.6,5.58,3,3,3,21.58,8213.2
Kalimantan Timur,Berau,Cabai Rawit,2879.5,27.3,90.1,4.55,1,3,2,2.25,9352.5
DI Yogyakarta,Gunung Kidul,Bawang Merah,1698.5,26.2,91.7,5.52,2,3,3,7.02,13249.3
Kalimantan Barat,Landak,Jagung,1968.9,27.3,78.0,5.97,2,3,3,50.16,4964.9
Kalimantan Selatan,Banjarmasin,Tebu,2096.1,27.2,92.0,4.26,3,2,1,39.02,65617.5
Nusa Tenggara Barat,Mataram,Tebu,946.4,27.0,73.5,5.29,1,3,2,55.24,83569.0
Jawa Barat,Tasikmalaya,Tebu,1323.2,28.0,87.1,5.29,3,2,1,26.28,84644.6
Papua,Keerom,Cabai Rawit,2037.1,27.5,82.0,5.15,2,1,5,2.84,9564.7
Nusa Tenggara Barat,Lombok Tengah,Tebu,1181.5,28.5,72.8,5.62,2,1,3,55.64,54535.4
Jawa Tengah,Tegal,Jagung,1453.3,25.4,74.4,5.75,3,3,1,16.91,5224.1
Sulawesi Tengah,Morowali,Padi,1665.3,28.3,89.6,4.24,2,1,3,14.7,5053.6
Sulawesi Barat,Majene,Jagung,2391.6,26.9,84.5,6.19,2,3,3,10.06,7202.9
Sulawesi Tenggara,Konawe,Padi,2013.2,26.4,78.5,5.18,2,3,1,21.2,4908.4
Sulawesi Selatan,Wajo,Jagung,2003.5,25.7,82.7,5.66,3,4,2,15.09,7412.6
Nusa Tenggara Barat,Lombok Tengah,Cabai Rawit,1746.7,26.6,68.9,5.92,3,1,2,4.07,11746.9
Kalimantan Selatan,Barito Kuala,Tebu,2962.5,27.7,88.0,4.74,2,3,2,66.17,50358.8
Bali,Tabanan,Cabai Rawit,2141.1,28.9,80.7,6.37,2,4,3,3.54,9374.1
Bengkulu,Lebong,Bawang Merah,1893.1,25.3,83.6,6.28,3,4,4,6.75,12160.8
Sumatera Selatan,Ogan Komering Ilir,Cabai Rawit,2057.5,26.5,85.7,6.39,3,2,4,7.9,9102.8
Kalimantan Selatan,Tanah Laut,Jagung,1534.5,29.3,76.1,5.12,3,2,3,10.19,5583.1
Jawa Tengah,Brebes,Tebu,1565.1,27.3,86.1,6.23,4,2,3,11.39,64288.5
Kalimantan Timur,Kutai Barat,Padi,2518.2,28.4,94.1,4.7,2,3,2,26.89,6368.1
Kalimantan Timur,Kutai Timur,Cabai Rawit,2892.3,28.3,82.6,4.98,3,2,2,2.49,9026.9
Jawa Tengah,Kebumen,Tebu,2070.5,28.4,81.0,5.23,2,1,1,16.15,79393.4
Riau,Siak,Padi,2124.2,26.0,84.9,5.09,2,4,2,9.04,5048.4
Gorontalo,Gorontalo,Jagung,2044.6,26.3,70.0,5.75,1,1,4,20.96,6412.8
Jawa Timur,Bojonegoro,Jagung,2076.5,27.4,72.9,5.46,3,2,4,29.8,4767.7
Sumatera Utara,Medan,Tebu,1542.9,26.2,85.5,5.83,1,3,4,47.35,89904.2
Nusa Tenggara Barat,Dompu,Padi,1413.4,30.2,77.8,4.78,2,2,1,26.54,4834.7
Maluku,Seram Bagian Timur,Cabai Rawit,2452.3,27.6,86.8,4.56,2,4,3,2.57,9267.2
Banten,Cilegon,Cabai Rawit,1665.5,27.7,80.7,5.86,1,3,2,4.04,6797.1
Nusa Tenggara Barat,Lombok Barat,Bawang Merah,1197.2,30.0,64.8,6.2,3,4,4,2.55,9209.7
Jambi,Muaro Jambi,Padi,1360.0,26.1,79.5,5.48,1,1,3,7.04,6694.1
Sulawesi Barat,Polewali Mandar,Tebu,1739.1,26.7,76.8,4.36,2,3,2,45.57,59098.9
Papua Selatan,Boven Digoel,Padi,3103.4,28.1,70.3,5.87,1,2,3,31.53,6221.4
Sulawesi Selatan,Parepare,Tebu,1215.6,28.2,90.1,5.92,3,2,3,31.32,78583.5
Banten,Tangerang,Padi,1531.3,28.2,79.3,6.16,3,1,1,6.85,5928.1
Sumatera Barat,Pasaman,Jagung,1712.3,26.8,86.1,5.76,1,3,3,17.14,5143.9
Sumatera Barat,Pesisir Selatan,Jagung,2504.3,24.9,86.6,5.05,1,3,4,11.2,6166.2
Sumatera Barat,Agam,Cabai Rawit,2342.6,25.6,82.9,4.63,3,3,3,3.5,6907.8
Nusa Tenggara Timur,Ende,Jagung,1091.4,28.6,82.4,6.31,3,1,2,12.39,7411.8
Banten,Pandeglang,Padi,1658.2,26.9,78.9,5.29,3,3,1,38.03,5328.7
Maluku Utara,Halmahera Barat,Jagung,3228.1,27.0,89.0,6.04,2,5,2,9.35,7438.0
DKI Jakarta,Jakarta Selatan,Bawang Merah,1951.5,26.5,80.3,5.27,2,3,2,15.0,13456.5
Sulawesi Utara,Minahasa Utara,Jagung,1394.8,26.6,74.8,5.82,4,4,2,18.69,6029.4
Jawa Barat,Subang,Jagung,1937.1,28.3,80.0,5.9,2,4,1,20.7,8998.4
Sulawesi Tengah,Donggala,Bawang Merah,2047.7,26.9,77.7,5.25,2,2,2,2.07,11112.0
Sumatera Selatan,Ogan Ilir,Tebu,2113.9,25.7,78.4,5.05,1,2,2,88.02,81375.6
Sulawesi Tengah,Palu,Tebu,2033.0,26.9,83.5,5.67,1,3,3,40.64,78327.6
Bengkulu,Rejang Lebong,Padi,2582.7,26.2,84.9,4.31,2,1,3,9.74,5896.8
Sulawesi Utara,Minahasa Utara,Padi,1982.4,28.0,76.2,5.7,2,3,3,31.36,6223.5
Papua Barat,Teluk Bintuni,Jagung,2616.2,29.3,88.9,4.34,3,1,1,9.43,8601.4
Sumatera Selatan,Ogan Ilir,Jagung,1481.0,28.2,82.7,5.94,3,4,4,11.95,7594.5
Kalimantan Utara,Bulungan,Bawang Merah,1843.1,28.2,86.9,5.37,1,2,3,5.99,8646.0
Sumatera Utara,Asahan,Tebu,2398.3,27.7,81.8,5.72,2,2,2,25.52,65369.5
Bali,Gianyar,Cabai Rawit,1817.6,27.0,80.1,6.02,2,4,2,1.31,10232.2
Kepulauan Riau,Lingga,Tebu,2391.1,27.0,83.3,5.86,3,2,3,52.16,80433.0
Kalimantan Barat,Mempawah,Padi,2781.7,27.2,92.5,4.2,4,2,2,9.28,5305.2
DKI Jakarta,Jakarta Barat,Tebu,987.1,29.7,77.4,5.34,2,3,2,56.41,79802.7
Jawa Timur,Lamongan,Tebu,2008.2,27.7,85.0,5.11,1,2,2,104.27,81671.5
Bangka Belitung,Bangka Tengah,Padi,2174.6,26.8,85.2,5.35,4,5,3,24.16,5833.3
Papua Tengah,Nabire,Padi,2797.1,28.8,81.6,6.67,3,3,4,4.78,6745.5
Kalimantan Timur,Kutai Barat,Bawang Merah,2140.7,28.4,83.8,5.76,1,3,4,6.43,9106.6
Maluku Utara,Ternate,Cabai Rawit,3500.0,26.8,93.9,4.45,2,3,2,3.07,8325.5
Kepulauan Riau,Bintan,Tebu,1755.5,26.4,83.2,5.65,4,2,3,71.63,69445.0
Papua Barat Daya,Tambrauw,Cabai Rawit,2634.3,26.7,90.6,5.99,3,3,5,1.72,11425.0
Kalimantan Barat,Kubu Raya,Tebu,3185.1,29.2,80.0,4.2,1,3,2,90.74,70069.4
Kalimantan Barat,Sanggau,Cabai Rawit,2820.1,28.8,78.1,4.92,3,2,2,8.07,8957.8
Lampung,Metro,Cabai Rawit,2624.0,26.1,80.3,5.44,2,4,3,2.73,11236.8
Gorontalo,Gorontalo Utara,Jagung,1746.8,26.6,72.1,5.92,5,1,2,19.15,8367.8
DI Yogyakarta,Gunung Kidul,Jagung,1791.9,26.6,81.3,5.67,2,2,4,9.38,4749.9
Maluku Utara,Halmahera Barat,Bawang Merah,2157.3,26.4,84.3,5.81,3,3,3,4.77,12617.7
Jawa Tengah,Semarang,Cabai Rawit,1668.7,27.0,83.4,5.66,2,2,2,4.68,8685.8
Nusa Tenggara Timur,TTS,Jagung,925.4,28.9,77.3,6.7,4,3,3,14.85,7714.6
Papua Pegunungan,Yalimo,Cabai Rawit,2257.7,27.3,91.8,5.18,3,2,2,15.4,7356.0
Sumatera Utara,Langkat,Tebu,2092.3,28.3,82.2,5.1,3,3,2,17.2,60630.1
Jawa Tengah,Klaten,Tebu,2152.5,26.9,69.5,6.15,2,3,2,39.12,61253.7
Aceh,Lhokseumawe,Bawang Merah,1592.4,24.7,84.6,4.8,2,3,5,6.71,13647.4
Papua Selatan,Asmat,Tebu,2534.5,25.6,85.2,5.91,1,2,3,68.76,63976.7
Aceh,Aceh Besar,Padi,1818.9,26.6,85.9,5.82,2,3,2,16.51,6960.9
Sulawesi Utara,Bitung,Bawang Merah,1745.9,28.6,83.6,5.22,2,2,4,5.23,9343.9
Maluku,Seram Bagian Barat,Jagung,2172.7,24.9,87.7,5.46,2,2,1,23.18,6353.9
Sumatera Utara,Serdang Bedagai,Padi,2839.5,25.8,83.5,5.41,3,2,1,10.87,6698.6
Papua Selatan,Mappi,Cabai Rawit,2060.4,27.2,92.4,5.3,2,2,3,1.96,9286.4
Bali,Gianyar,Tebu,2102.4,27.5,88.0,4.32,2,2,3,18.83,55418.4
Riau,Rokan Hulu,Padi,2424.1,26.0,85.8,5.76,3,2,3,6.9,6152.4
Maluku,Maluku Tenggara,Padi,3042.7,28.0,90.5,5.24,2,1,2,7.45,6558.1
Sumatera Selatan,Ogan Komering Ilir,Bawang Merah,2548.9,27.0,87.7,6.32,1,3,3,2.65,13642.7
Jambi,Muaro Jambi,Cabai Rawit,1806.2,26.7,83.2,5.41,1,2,1,3.92,6554.7
Jawa Barat,Cirebon,Cabai Rawit,1655.5,27.7,76.3,4.64,2,4,1,7.04,8861.2
Papua Barat Daya,Sorong,Padi,3500.0,25.7,85.8,6.39,4,2,3,11.55,7302.5
Sulawesi Barat,Polewali Mandar,Padi,1996.8,29.0,85.0,5.76,1,3,4,24.09,6032.7
Gorontalo,Pohuwato,Jagung,1980.0,26.2,83.2,5.69,5,3,2,19.62,5879.2
Bangka Belitung,Bangka,Tebu,2001.4,26.8,95.8,5.01,4,1,4,29.06,81307.6
Bangka Belitung,Belitung,Cabai Rawit,1897.4,26.4,85.5,4.88,2,1,3,6.45,11748.9
Kalimantan Utara,Tarakan,Jagung,1906.0,26.8,79.2,4.91,2,2,2,11.29,4178.2
Bangka Belitung,Bangka,Bawang Merah,2807.4,26.4,80.8,5.69,2,3,4,3.18,9987.1
Jambi,Tebo,Bawang Merah,1882.5,28.0,83.5,5.16,2,2,1,2.98,8289.0
Bangka Belitung,Belitung Timur,Bawang Merah,2209.5,28.3,87.5,5.65,3,1,3,3.66,9412.6
Sulawesi Selatan,Bantaeng,Tebu,2086.7,26.0,95.9,5.12,4,1,2,27.11,89608.6
Papua Tengah,Paniai,Tebu,2628.0,24.1,82.4,5.43,3,2,4,35.48,54300.5
Sulawesi Utara,Bolaang Mongondow,Jagung,1965.4,27.5,80.0,5.68,3,2,3,22.26,5582.7
Papua Barat,Kaimana,Bawang Merah,2525.1,26.4,82.8,5.8,3,3,3,2.2,8888.9
Banten,Serang,Jagung,2037.4,26.5,87.4,5.9,3,5,2,25.07,8172.5
Kalimantan Barat,Mempawah,Jagung,2030.8,27.7,80.8,5.31,2,3,2,47.51,7383.8
Kalimantan Selatan,Banjarmasin,Padi,1280.8,27.2,85.5,4.38,1,3,2,13.41,6432.6
Maluku Utara,Kep. Sula,Bawang Merah,2209.6,27.8,84.1,5.22,2,2,3,5.26,11075.9
Papua Barat Daya,Maybrat,Tebu,2360.7,28.2,87.4,5.07,2,5,1,22.36,97983.5
Kepulauan Riau,Tanjung Pinang,Padi,2054.1,26.6,79.1,5.49,4,3,5,12.96,5465.8
Maluku,Seram Bagian Barat,Padi,2468.5,26.6,83.2,5.11,4,4,2,25.99,6710.7
Kalimantan Timur,Kutai Barat,Cabai Rawit,2272.4,28.0,77.6,5.43,2,1,2,6.49,7162.3
Kalimantan Utara,Tarakan,Tebu,2234.7,28.7,87.8,4.2,4,3,3,24.34,53174.5
Papua Barat,Fakfak,Padi,3500.0,26.6,86.7,5.61,3,2,4,14.75,5435.1
Sumatera Selatan,Banyuasin,Bawang Merah,1893.9,28.1,91.7,5.31,1,4,2,2.89,12565.2
Sulawesi Tenggara,Kendari,Padi,1558.9,26.9,86.1,6.7,2,3,1,28.34,6850.7
Papua Tengah,Nabire,Jagung,2320.1,27.8,95.7,5.48,3,3,3,10.84,5028.7
Jawa Tengah,Grobogan,Padi,2225.7,28.3,89.4,5.86,2,3,1,11.29,7211.2
Papua,Jayapura,Jagung,2256.9,27.5,92.7,4.2,3,3,2,21.98,8469.2
Jambi,Sarolangun,Padi,2883.5,25.3,80.3,5.45,4,1,2,15.05,6169.7
Bangka Belitung,Bangka Selatan,Tebu,1887.7,27.4,88.2,5.97,4,4,4,63.92,50639.9
Banten,Pandeglang,Cabai Rawit,1600.3,27.8,74.9,6.63,1,3,5,2.48,8277.7
DKI Jakarta,Jakarta Pusat,Tebu,2025.1,27.8,88.0,4.99,2,3,4,11.25,76161.6
Papua Barat Daya,Sorong Selatan,Bawang Merah,3102.3,27.4,86.7,4.57,3,1,1,3.33,9989.2
Sulawesi Tengah,Donggala,Cabai Rawit,2867.3,27.4,69.6,4.71,1,1,2,3.01,10535.2
Lampung,Metro,Tebu,3058.0,26.3,85.3,6.02,1,2,4,54.63,86003.9
Aceh,Aceh Besar,Cabai Rawit,911.4,28.5,76.5,5.76,3,3,2,9.35,10385.5
Papua Barat Daya,Sorong Selatan,Jagung,2315.9,27.2,91.0,5.23,5,2,2,3.9,6083.3
Papua Pegunungan,Lanny Jaya,Jagung,1826.2,25.1,80.4,6.09,2,3,2,10.41,8654.0
Bali,Denpasar,Cabai Rawit,1048.8,24.8,72.7,5.63,2,2,2,1.54,11615.5
Bengkulu,Bengkulu,Bawang Merah,1931.2,27.5,84.6,5.26,3,2,3,1.7,13140.1
Bali,Bangli,Padi,1855.8,27.5,81.8,6.68,4,4,5,24.09,7128.3
Aceh,Aceh Utara,Padi,1570.8,26.6,85.8,5.35,3,3,2,11.14,6087.3
Sulawesi Selatan,Gowa,Bawang Merah,1663.5,26.7,81.9,6.61,4,3,1,1.41,9931.7
Maluku,Seram Bagian Barat,Bawang Merah,2753.2,28.8,85.6,4.65,2,2,2,3.24,11656.8
Papua Tengah,Deiyai,Tebu,2785.4,27.3,84.6,6.27,1,4,3,52.82,80918.6
Papua Barat,Sorong,Jagung,2283.2,28.1,78.5,4.95,3,3,3,26.72,6201.0
DKI Jakarta,Kep. Seribu,Cabai Rawit,2650.7,24.9,74.9,6.54,2,4,5,11.07,11144.7
Aceh,Aceh Besar,Bawang Merah,2541.1,25.7,89.1,4.49,2,3,1,4.74,9949.2
Sumatera Selatan,Musi Banyuasin,Cabai Rawit,1669.5,27.3,84.0,5.35,1,3,2,3.21,7952.2
Nusa Tenggara Barat,Sumbawa,Bawang Merah,1341.3,28.7,79.4,5.63,3,1,4,9.32,12292.4
Aceh,Lhokseumawe,Cabai Rawit,2659.7,26.8,81.7,4.5,2,3,1,5.06,10234.2
DKI Jakarta,Jakarta Barat,Cabai Rawit,1878.0,28.9,84.3,5.88,3,4,1,1.84,10679.4
Papua Tengah,Deiyai,Bawang Merah,2528.7,27.8,87.9,5.52,2,4,2,4.32,12567.5
Jawa Timur,Malang,Cabai Rawit,1414.1,26.3,82.2,5.4,2,2,1,2.86,8068.1
Kepulauan Riau,Karimun,Jagung,2137.7,27.6,92.5,5.63,2,1,1,38.33,4509.3
Nusa Tenggara Timur,TTU,Padi,1653.3,29.2,72.8,6.53,5,2,3,11.64,5805.1
Bangka Belitung,Bangka Selatan,Cabai Rawit,1740.1,26.1,81.1,5.44,3,2,4,1.2,11821.5
Kalimantan Tengah,Palangka Raya,Jagung,3224.8,28.1,85.7,5.65,2,3,2,28.74,5140.5
Papua Barat,Fakfak,Bawang Merah,1908.3,27.4,90.5,5.23,1,2,2,1.61,11880.4
Sumatera Selatan,Banyuasin,Cabai Rawit,2015.2,26.0,86.8,5.41,2,3,3,3.29,6973.6
Jawa Tengah,Boyolali,Padi,1748.8,27.3,77.3,6.33,1,3,2,46.23,6795.5
Nusa Tenggara Timur,Lembata,Jagung,1985.2,28.4,78.9,5.82,4,3,4,40.44,8335.5
Papua Tengah,Paniai,Jagung,2404.2,26.6,78.8,5.22,3,3,3,10.9,4872.7
Sulawesi Barat,Mamuju,Cabai Rawit,1815.2,26.4,84.4,5.98,2,2,3,9.54,6101.7
Bangka Belitung,Bangka Selatan,Jagung,2005.2,25.3,87.4,4.75,4,2,3,33.08,7850.3
Papua Selatan,Mappi,Tebu,2454.5,26.2,81.5,4.24,2,2,2,13.21,95095.0
Papua Pegunungan,Jayawijaya,Padi,2463.5,27.9,87.6,6.33,3,2,1,37.58,5193.5
Sumatera Barat,Padang,Bawang Merah,2282.6,27.2,84.6,5.8,2,1,3,1.8,13886.3
Papua Barat Daya,Tambrauw,Jagung,2885.0,26.2,86.9,4.79,3,4,4,19.55,5276.8
Gorontalo,Boalemo,Bawang Merah,2212.4,28.1,82.0,6.93,1,5,3,3.68,8309.7
Banten,Cilegon,Jagung,2016.7,27.3,76.8,6.26,3,2,3,11.4,5589.6
Bangka Belitung,Pangkal Pinang,Padi,2597.0,27.2,81.2,5.38,3,2,2,10.23,5701.5
Jawa Tengah,Tegal,Cabai Rawit,2219.7,27.4,86.6,5.79,1,2,4,7.09,9463.7
Jambi,Muaro Jambi,Tebu,2215.1,27.4,75.1,5.53,2,3,4,68.08,71715.5
Papua Barat Daya,Raja Ampat,Padi,2806.7,28.2,90.7,4.98,1,4,5,16.8,5555.3
Sulawesi Tengah,Poso,Jagung,1957.6,26.4,73.6,5.09,1,2,3,63.39,5379.9
Papua Barat,Manokwari,Padi,2654.7,28.0,89.5,5.42,4,4,3,10.37,6448.7
Bangka Belitung,Belitung,Padi,1982.3,26.2,80.3,5.97,2,3,1,10.47,6148.6
Maluku Utara,Kep. Sula,Padi,3045.3,27.2,90.3,4.77,4,3,3,38.15,5335.3
Kalimantan Selatan,Hulu Sungai Selatan,Padi,2528.6,28.2,86.4,5.01,4,4,3,18.77,6517.4
Nusa Tenggara Barat,Lombok Barat,Cabai Rawit,1433.6,27.5,78.3,7.17,3,1,3,2.11,9886.1
Bangka Belitung,Pangkal Pinang,Cabai Rawit,2508.2,27.0,78.1,6.16,3,4,4,14.34,10993.3
Kalimantan Selatan,Banjar,Jagung,2057.5,27.1,78.8,4.73,2,1,4,40.98,7100.6
Sulawesi Barat,Polewali Mandar,Bawang Merah,2176.7,27.8,87.8,5.93,3,2,3,3.92,13519.2
Jawa Tengah,Brebes,Jagung,1402.4,29.4,72.2,6.49,1,2,2,31.88,8674.0
Sulawesi Barat,Majene,Cabai Rawit,2145.4,27.5,78.8,6.43,3,4,2,1.49,11593.5
Kalimantan Timur,Balikpapan,Padi,2783.4,29.4,84.3,4.39,3,5,3,64.47,5983.2
Sulawesi Tenggara,Baubau,Bawang Merah,2035.2,28.0,69.9,5.63,2,1,4,6.37,13611.2
Jawa Barat,Garut,Padi,1507.3,28.1,77.8,6.44,2,2,4,4.78,6893.0
Bengkulu,Lebong,Cabai Rawit,2655.2,25.8,81.4,5.84,3,2,2,1.88,7990.2
Jawa Timur,Malang,Padi,1539.8,26.7,80.9,6.32,2,2,3,26.32,5124.0
Bengkulu,Kepahiang,Jagung,2261.0,25.3,87.9,6.44,2,1,4,77.68,7542.4
Nusa Tenggara Timur,TTU,Tebu,1258.2,27.8,65.9,6.17,3,3,2,40.66,74257.3
Sulawesi Tengah,Parigi Moutong,Bawang Merah,2517.5,27.1,81.0,6.88,1,1,3,7.01,13903.5
Bali,Bangli,Cabai Rawit,2002.9,28.1,98.0,6.3,3,2,3,7.39,8912.3
Gorontalo,Pohuwato,Tebu,1562.2,26.2,82.2,6.15,3,2,3,60.41,63925.0
Papua Pegunungan,Nduga,Tebu,2141.8,27.6,86.9,5.63,3,2,3,22.61,81825.2
Aceh,Lhokseumawe,Jagung,2214.6,27.1,88.7,5.54,3,2,3,26.48,4807.2
Sulawesi Selatan,Bantaeng,Jagung,2095.8,26.9,82.3,6.6,1,2,3,17.12,6370.0
Banten,Tangerang Selatan,Tebu,1988.8,28.4,71.4,5.74,4,3,2,81.45,79670.4
Maluku,Maluku Tengah,Bawang Merah,2503.9,28.4,92.5,5.0,3,2,2,2.24,13585.7
Riau,Pekanbaru,Padi,2160.5,27.1,86.5,5.54,3,2,2,15.72,6651.1
Papua,Sarmi,Tebu,2571.2,27.8,85.0,5.08,3,1,1,32.59,66191.7
Bengkulu,Mukomuko,Padi,2387.2,24.9,83.3,5.24,2,2,2,13.75,6702.5
DI Yogyakarta,Kulon Progo,Tebu,1627.1,27.0,81.2,6.08,2,3,3,51.68,56561.5
Banten,Tangerang,Cabai Rawit,1728.5,26.6,78.2,5.62,3,2,2,7.78,11746.6
Maluku,Buru,Cabai Rawit,2800.2,27.1,92.6,5.8,3,2,2,2.95,10607.3
DKI Jakarta,Kep. Seribu,Bawang Merah,1827.7,28.3,67.5,5.73,3,4,2,3.67,10292.8
Lampung,Pesawaran,Tebu,1784.4,26.0,82.2,4.8,2,3,2,34.88,56915.7
Gorontalo,Bone Bolango,Bawang Merah,1897.4,25.6,82.6,5.29,3,3,2,2.81,10258.7
Papua Pegunungan,Yalimo,Jagung,2225.9,27.8,89.6,5.52,2,1,4,34.16,4361.2
DI Yogyakarta,Gunung Kidul,Tebu,1752.9,28.4,73.5,5.62,1,2,3,69.65,89171.6
Sulawesi Tenggara,Konawe Selatan,Cabai Rawit,2130.1,27.1,90.0,4.85,3,1,2,4.16,7341.3
DI Yogyakarta,Sleman,Cabai Rawit,1933.6,26.3,77.7,5.47,1,3,1,1.76,6881.9
Sulawesi Barat,Majene,Padi,2241.9,26.3,84.4,4.9,2,1,1,9.23,5395.8
Bali,Badung,Bawang Merah,1736.6,27.5,82.9,6.2,2,3,3,3.81,8893.9
Kalimantan Barat,Pontianak,Padi,2526.1,28.2,90.0,4.55,2,4,1,6.19,5483.7
Papua Pegunungan,Jayawijaya,Bawang Merah,3047.4,27.0,81.6,5.11,4,2,1,5.21,12250.9
Sulawesi Utara,Bitung,Tebu,2272.1,28.5,84.2,5.05,3,1,3,46.82,72550.2
Sulawesi Tenggara,Kolaka,Padi,1906.3,26.8,80.5,6.41,2,5,3,19.69,5108.8
Jawa Timur,Bojonegoro,Bawang Merah,1019.5,26.7,77.4,6.43,2,4,3,4.05,11281.1
Kalimantan Timur,Samarinda,Jagung,2977.4,27.2,89.6,5.33,3,5,2,19.69,6232.8
Papua Barat Daya,Raja Ampat,Bawang Merah,2343.0,27.8,82.6,5.21,1,3,4,2.76,11276.9
Riau,Pelalawan,Tebu,2069.8,26.5,85.1,5.3,2,2,1,47.49,77975.2
Nusa Tenggara Barat,Mataram,Padi,1894.3,29.1,63.4,6.8,1,2,2,21.05,7186.2
Kalimantan Timur,Balikpapan,Bawang Merah,2699.5,28.4,91.7,4.58,5,3,2,9.14,8751.7
Kalimantan Barat,Kubu Raya,Padi,1879.7,27.6,79.8,6.03,1,2,3,18.65,7174.4
Kepulauan Riau,Bintan,Padi,3050.8,27.4,87.4,6.43,3,2,3,23.37,6330.4
Kalimantan Barat,Sambas,Bawang Merah,1336.0,27.0,84.3,4.77,4,3,2,4.93,9399.6
Kalimantan Selatan,Barito Kuala,Bawang Merah,2668.5,27.7,86.0,5.26,2,4,3,7.09,9784.6
Bengkulu,Kepahiang,Tebu,2422.0,25.3,90.1,5.81,4,3,2,63.17,51823.4
Nusa Tenggara Timur,Ende,Padi,1345.7,28.4,84.7,5.5,1,2,4,21.84,4963.4
Jawa Tengah,Brebes,Cabai Rawit,1159.0,27.8,75.3,4.72,2,3,2,1.82,11870.7
Kalimantan Barat,Pontianak,Tebu,2537.2,27.4,82.3,4.72,1,2,2,77.83,82532.7
Nusa Tenggara Timur,Kupang,Cabai Rawit,1733.3,28.7,82.1,5.82,3,2,3,1.7,7487.5
Jawa Timur,Surabaya,Padi,1642.7,26.9,82.8,5.97,5,5,2,40.15,7028.5
Kalimantan Tengah,Kotawaringin Timur,Bawang Merah,2193.1,28.8,85.3,5.55,3,2,3,7.0,8972.0
Jawa Tengah,Pati,Padi,1940.0,27.2,66.8,5.98,2,3,1,22.62,7342.4
Gorontalo,Gorontalo,Tebu,2749.9,27.4,67.6,6.61,3,2,2,71.59,90903.9
Maluku Utara,Kep. Sula,Tebu,2579.4,27.9,80.4,5.43,4,1,5,26.69,64256.9
Banten,Tangerang Selatan,Cabai Rawit,1921.0,28.7,89.0,5.83,2,4,4,1.08,9486.9
Papua,Yahukimo,Jagung,1985.0,27.4,84.2,5.83,3,2,1,28.91,8334.7
Kalimantan Utara,Malinau,Padi,2444.5,28.8,92.6,5.21,3,2,3,63.74,6679.8
Sumatera Barat,Tanah Datar,Cabai Rawit,2632.9,25.5,81.1,4.78,3,4,3,5.34,8726.5
Sumatera Utara,Medan,Jagung,1711.7,27.2,77.2,4.64,2,5,2,15.21,5455.5
Sumatera Selatan,Musi Banyuasin,Padi,2598.6,25.4,82.7,6.25,2,2,3,19.54,4677.9
Banten,Pandeglang,Jagung,1635.1,26.8,81.6,5.92,1,4,3,51.15,8993.7
Sulawesi Tenggara,Kolaka,Bawang Merah,1866.6,26.2,78.6,5.47,1,1,1,4.97,13573.3
Papua Tengah,Nabire,Tebu,3218.4,26.5,79.6,5.36,3,2,3,25.79,79762.1
Bangka Belitung,Bangka Tengah,Jagung,2582.4,26.0,72.6,6.27,4,2,2,17.37,5750.1
Nusa Tenggara Timur,Sikka,Cabai Rawit,1251.4,26.6,71.3,5.96,3,2,2,2.62,7276.8
DKI Jakarta,Jakarta Timur,Padi,2113.9,28.0,75.2,6.23,1,1,2,32.95,7285.5
Papua Tengah,Intan Jaya,Bawang Merah,3084.3,27.7,77.0,4.66,2,3,3,14.55,11978.2
Jawa Tengah,Pati,Cabai Rawit,1648.3,27.2,66.5,6.6,3,3,2,2.05,6407.9
Riau,Rokan Hulu,Jagung,1595.0,26.9,81.9,5.24,3,2,3,6.09,7829.1
Papua Barat,Manokwari,Jagung,2755.4,29.6,87.6,6.23,3,4,2,21.29,4704.9
Papua Barat Daya,Tambrauw,Bawang Merah,2757.9,27.2,89.8,5.84,2,4,3,11.62,12580.5
Jambi,Tebo,Jagung,2297.5,25.5,83.7,4.28,4,2,3,45.48,8860.1
Lampung,Metro,Bawang Merah,1621.2,27.6,78.4,6.13,4,2,2,8.81,11980.8
Kalimantan Timur,Paser,Padi,2368.0,26.8,85.7,5.06,3,1,2,6.24,7293.2
Jambi,Sarolangun,Cabai Rawit,2899.2,25.2,86.2,5.52,3,4,2,3.81,9683.1
Riau,Pelalawan,Padi,2325.1,27.3,80.8,4.94,2,3,2,38.5,4744.6
Nusa Tenggara Timur,Sikka,Jagung,1055.3,28.3,69.0,6.21,3,3,2,22.51,4881.7
Lampung,Lampung Timur,Bawang Merah,2932.4,25.7,82.1,6.33,3,1,4,3.47,13018.9
Lampung,Pringsewu,Tebu,2089.8,25.9,88.2,5.55,1,2,4,64.74,68857.7
Aceh,Bener Meriah,Cabai Rawit,1732.2,25.5,80.7,5.31,3,2,3,5.43,7101.2
Sulawesi Utara,Bolaang Mongondow,Padi,1850.8,25.8,84.3,5.48,4,2,1,22.27,6351.6
Nusa Tenggara Barat,Dompu,Bawang Merah,1718.2,29.8,70.9,5.14,2,2,3,5.08,8928.3
Sulawesi Utara,Bitung,Padi,1507.0,26.5,78.0,5.42,3,2,2,21.68,5863.2
DKI Jakarta,Jakarta Utara,Padi,2102.6,27.0,87.8,5.73,4,3,2,8.71,5914.1
Aceh,Aceh Utara,Tebu,1830.1,27.1,88.4,5.6,1,3,4,72.49,77956.2
Sumatera Barat,Agam,Tebu,2078.1,26.4,89.4,4.7,1,2,3,37.3,90116.6
Sulawesi Selatan,Bone,Padi,1683.0,25.8,76.3,5.0,3,2,4,33.49,4834.0
Sulawesi Selatan,Bone,Cabai Rawit,2152.7,27.6,86.3,6.2,3,3,2,12.39,7626.3
Gorontalo,Gorontalo,Bawang Merah,1435.5,28.8,77.6,5.98,3,3,1,5.16,9395.1
Nusa Tenggara Timur,Sikka,Padi,1397.5,29.6,72.9,6.26,2,4,3,14.84,7157.5
Aceh,Bireuen,Bawang Merah,1806.9,27.1,82.4,5.26,3,3,3,2.47,13375.0
Lampung,Pesawaran,Cabai Rawit,2246.9,26.3,79.5,5.86,3,2,4,2.72,8896.7
Maluku Utara,Halmahera Tengah,Bawang Merah,1499.2,26.5,83.6,5.15,3,3,3,1.66,12942.3
Jambi,Sarolangun,Bawang Merah,2691.1,25.1,89.2,5.96,3,3,3,2.55,9219.9
Sumatera Selatan,Ogan Komering Ilir,Tebu,2706.1,27.7,82.7,5.08,3,5,2,24.05,72366.7
Bangka Belitung,Bangka Selatan,Bawang Merah,2905.3,25.9,89.5,5.92,3,3,3,4.75,13109.1
Kalimantan Utara,Bulungan,Jagung,2651.1,29.1,89.7,6.03,3,1,2,24.53,5064.6
Sulawesi Utara,Minahasa,Bawang Merah,1271.1,26.2,88.8,4.2,1,3,2,5.66,8418.8
Sulawesi Selatan,Barru,Jagung,1876.8,28.3,83.2,5.55,3,3,3,16.6,7479.5
Sumatera Barat,Pasaman,Padi,1007.4,27.3,76.6,5.98,4,2,2,11.16,5475.1
Papua Pegunungan,Wamena,Cabai Rawit,2540.1,27.7,90.3,4.66,2,1,1,5.37,10359.0
Kalimantan Tengah,Kapuas,Padi,2442.5,28.4,84.8,4.7,2,3,1,29.17,7021.8
Sulawesi Barat,Polewali Mandar,Jagung,2009.0,28.4,93.3,5.84,3,2,3,26.03,8004.7
Maluku,Seram Bagian Barat,Tebu,2672.4,27.6,84.9,5.45,1,3,2,50.21,50783.5
Bali,Badung,Jagung,2819.8,26.1,66.6,5.94,3,2,4,10.95,8277.2
Sulawesi Selatan,Wajo,Bawang Merah,2481.2,26.8,80.8,5.39,3,3,2,7.67,8612.5
Bali,Karangasem,Bawang Merah,2329.5,26.8,71.3,6.14,3,3,2,9.17,11966.1
Jawa Barat,Tasikmalaya,Bawang Merah,1984.7,25.7,88.6,5.83,1,2,4,2.61,11748.8
Kepulauan Riau,Karimun,Bawang Merah,2904.8,25.4,83.7,5.48,2,2,2,6.75,13140.4
Nusa Tenggara Timur,Ngada,Padi,1985.3,28.2,65.0,6.36,2,2,3,7.17,4815.0
Papua Barat,Teluk Wondama,Padi,2848.3,26.7,85.1,6.27,2,2,5,4.5,7216.4
Sulawesi Tenggara,Konawe,Bawang Merah,1251.1,26.6,82.5,4.85,2,2,3,4.67,11092.6
Papua Barat,Manokwari,Bawang Merah,2359.1,27.1,88.0,5.59,2,1,2,9.33,9321.4
Papua,Jayapura,Bawang Merah,3125.1,26.7,94.0,4.64,4,4,3,2.35,10097.7
DKI Jakarta,Jakarta Selatan,Cabai Rawit,1385.4,28.4,91.8,5.17,1,3,3,8.88,7124.6
Sumatera Utara,Deli Serdang,Padi,2570.2,27.1,94.6,5.42,3,3,4,18.16,6271.6
Kalimantan Barat,Mempawah,Cabai Rawit,1681.9,29.8,83.6,5.57,4,1,3,6.15,9430.4
Banten,Serang,Tebu,1493.6,27.4,67.9,6.11,2,2,3,24.76,72763.3
Sulawesi Tenggara,Konawe,Jagung,2341.3,27.6,64.3,5.28,3,1,2,24.72,7131.5
Kalimantan Utara,Tana Tidung,Bawang Merah,2346.6,27.1,94.4,5.19,4,2,2,2.21,11619.2
Maluku,Ambon,Jagung,2614.9,26.6,80.4,5.72,2,1,1,22.14,7476.0
Sumatera Selatan,Ogan Komering Ilir,Jagung,1964.3,25.1,97.0,4.93,2,3,2,32.71,6667.0
Kalimantan Barat,Mempawah,Tebu,2523.6,27.9,81.1,5.29,2,1,4,14.06,73430.0
Sumatera Utara,Deli Serdang,Bawang Merah,1896.3,24.3,94.4,5.48,3,2,2,7.6,13595.9
Nusa Tenggara Timur,Belu,Padi,1634.4,29.7,81.7,6.09,3,4,2,32.55,5387.2
Sulawesi Tengah,Poso,Bawang Merah,2228.3,27.4,81.5,6.09,4,2,3,2.61,8659.5
Nusa Tenggara Timur,TTS,Padi,1713.5,29.5,78.8,5.91,3,4,2,9.39,6879.4
Nusa Tenggara Barat,Lombok Tengah,Padi,778.3,29.4,77.6,5.79,3,3,3,11.88,6061.7
Papua Barat,Kaimana,Tebu,3204.4,27.0,96.7,4.98,2,2,3,45.49,82653.4
Papua Barat Daya,Tambrauw,Tebu,3179.2,26.5,83.8,5.83,5,4,3,40.35,98301.0
Kalimantan Tengah,Kotawaringin Barat,Padi,2451.7,27.2,87.8,5.23,4,2,4,13.8,4971.4
Papua Tengah,Deiyai,Jagung,2113.4,25.7,88.9,4.46,4,2,2,37.89,7218.2
Papua Tengah,Paniai,Cabai Rawit,1990.5,27.2,91.9,5.8,1,4,3,5.92,11903.3
Bengkulu,Mukomuko,Tebu,2789.5,25.6,83.1,6.42,2,2,2,32.62,63400.2
Nusa Tenggara Timur,Alor,Bawang Merah,1137.0,28.8,66.4,6.45,3,3,3,10.4,8610.4
Jawa Timur,Probolinggo,Jagung,1719.2,26.7,76.5,5.77,4,4,1,6.14,4753.4
Jawa Barat,Bandung,Tebu,1605.3,29.0,83.0,5.28,2,2,2,44.48,66653.3
Bali,Bangli,Bawang Merah,1571.2,26.7,84.3,5.97,1,3,2,3.33,12953.0
DKI Jakarta,Jakarta Selatan,Jagung,2184.2,28.9,72.8,6.05,3,4,3,27.66,4313.4
Gorontalo,Bone Bolango,Jagung,1607.7,26.5,89.2,5.3,4,3,3,24.31,8053.3
Kalimantan Utara,Malinau,Bawang Merah,2044.0,28.1,89.0,5.09,3,2,2,1.28,10313.8
Aceh,Lhokseumawe,Tebu,2058.9,25.3,76.0,5.68,2,1,3,26.3,79141.9
Sulawesi Barat,Mamuju,Bawang Merah,1954.4,26.7,79.2,5.24,3,1,3,3.18,12965.7
Kalimantan Selatan,Hulu Sungai Selatan,Cabai Rawit,2042.3,27.9,89.0,5.37,2,3,2,3.15,10024.9
Sulawesi Utara,Minahasa,Jagung,1686.6,30.3,75.4,5.3,2,3,1,19.81,8085.3
Sulawesi Tengah,Poso,Cabai Rawit,1606.4,28.7,77.1,5.8,4,2,2,2.28,8502.4
DI Yogyakarta,Bantul,Jagung,2164.7,28.1,80.0,5.86,4,3,3,67.81,5002.2
Lampung,Lampung Timur,Cabai Rawit,1727.0,24.3,87.6,5.65,1,3,2,4.09,6109.5
Jawa Barat,Bandung,Padi,1357.9,28.3,80.3,4.96,3,3,3,20.43,7308.4
Sulawesi Tenggara,Kolaka,Cabai Rawit,2228.9,26.8,89.8,4.82,2,3,2,11.8,9848.0
Papua,Keerom,Tebu,2213.4,27.2,83.5,4.2,2,2,3,31.3,80713.5
Riau,Rokan Hilir,Jagung,2218.5,27.4,89.1,6.96,2,1,4,19.81,4614.6
Sumatera Selatan,Palembang,Tebu,3189.7,24.8,88.5,6.22,4,2,4,29.78,52626.8
Sumatera Utara,Medan,Cabai Rawit,2064.0,23.9,88.2,5.28,2,1,4,4.18,11350.2
Kalimantan Selatan,Hulu Sungai Selatan,Jagung,2244.2,27.3,91.5,4.38,3,4,3,23.29,4685.7
Lampung,Lampung Selatan,Tebu,1692.5,26.0,98.0,5.06,3,5,2,21.42,67368.1
Papua Tengah,Dogiyai,Jagung,2835.1,27.0,89.8,4.91,2,3,4,25.84,6029.2
Kalimantan Selatan,Banjarmasin,Bawang Merah,2977.2,26.4,83.4,4.32,3,4,1,5.13,12292.0
Bali,Denpasar,Jagung,2184.6,27.1,72.4,5.93,3,3,2,16.15,7827.3
Sulawesi Tenggara,Konawe Selatan,Jagung,2171.3,29.5,75.9,4.3,3,1,5,29.93,4937.7
Gorontalo,Gorontalo Utara,Bawang Merah,1573.2,29.2,77.6,5.49,2,4,2,6.97,12256.0
Papua Tengah,Intan Jaya,Padi,2594.8,27.6,82.9,6.1,2,2,3,24.75,5438.3
Lampung,Pesawaran,Jagung,2384.8,26.0,89.2,5.69,3,1,3,27.31,5069.3
Sulawesi Barat,Mamasa,Padi,2253.9,28.3,76.5,4.43,3,1,2,29.73,5454.5
Banten,Lebak,Bawang Merah,1945.7,28.2,76.1,5.3,2,2,2,8.42,8091.5
Papua Barat,Sorong,Padi,2373.0,26.0,85.8,5.23,1,2,2,21.08,4794.9
Sulawesi Tenggara,Kendari,Jagung,2412.3,28.0,92.2,5.56,3,1,2,13.34,5336.9
Sulawesi Selatan,Maros,Bawang Merah,2220.9,26.2,91.0,4.56,2,4,3,2.11,8956.0
Bengkulu,Mukomuko,Jagung,1860.6,26.4,97.8,4.76,4,4,2,24.06,8955.5
Sumatera Barat,Pesisir Selatan,Tebu,2202.1,27.6,78.8,5.78,4,4,3,43.6,57701.4
Maluku,Maluku Tenggara,Bawang Merah,2812.2,26.7,89.9,5.91,2,1,2,3.47,8172.8
Sulawesi Tengah,Parigi Moutong,Padi,2049.7,28.5,85.8,5.0,2,2,3,10.8,6642.1
Papua Barat,Kaimana,Padi,2641.3,26.5,90.5,5.18,2,2,1,7.12,5397.7
Jawa Timur,Probolinggo,Padi,1446.7,28.4,84.8,4.34,4,5,4,20.62,7441.7
Sumatera Selatan,Ogan Komering Ulu,Bawang Merah,2519.6,25.9,88.0,4.94,1,3,1,3.09,12836.2
Bengkulu,Rejang Lebong,Cabai Rawit,1724.5,28.2,85.7,5.59,2,2,1,4.71,11435.5
DI Yogyakarta,Bantul,Bawang Merah,1365.8,26.5,84.0,6.29,2,3,2,3.48,8736.0
Lampung,Lampung Tengah,Jagung,1838.4,28.8,80.8,4.87,2,2,4,3.84,4264.0
Sulawesi Utara,Tomohon,Padi,1966.3,27.5,82.6,6.64,1,1,4,12.8,7445.9
Sulawesi Utara,Bitung,Cabai Rawit,1630.6,26.9,70.3,6.18,1,3,4,1.81,8074.8
Kalimantan Timur,Paser,Bawang Merah,2339.2,28.8,84.5,4.22,2,2,2,3.45,13926.5
Riau,Rokan Hilir,Padi,1402.0,28.0,81.0,5.84,2,2,2,27.03,4518.2
DI Yogyakarta,Kulon Progo,Bawang Merah,2174.3,27.6,70.6,6.78,3,3,2,1.71,10742.6
Bali,Bangli,Jagung,1511.7,26.6,80.3,6.17,2,2,1,56.02,5973.8
Bengkulu,Bengkulu,Tebu,2726.2,27.0,77.8,4.99,2,3,1,18.04,73228.9
Kalimantan Barat,Sanggau,Bawang Merah,2489.5,26.5,96.1,5.68,1,2,4,1.29,8828.3
Aceh,Bener Meriah,Padi,1838.4,26.7,79.9,6.21,4,5,2,6.25,7396.2
Sumatera Barat,Padang,Cabai Rawit,2614.4,27.0,85.6,5.57,4,2,1,2.79,8169.5
Jambi,Kota Jambi,Padi,2646.4,25.6,81.0,5.48,1,2,3,12.16,5724.2
Kalimantan Utara,Malinau,Cabai Rawit,2701.2,27.4,81.7,5.32,3,2,1,5.68,8229.8
Papua Pegunungan,Jayawijaya,Cabai Rawit,2242.3,27.7,83.1,6.04,2,4,1,2.25,7799.9
Kalimantan Barat,Pontianak,Cabai Rawit,3124.6,28.8,93.9,4.2,3,3,1,9.13,6767.8
Sumatera Utara,Asahan,Cabai Rawit,1887.7,27.1,82.7,6.1,3,1,2,12.98,7535.3
DKI Jakarta,Jakarta Utara,Bawang Merah,1780.4,27.1,83.4,5.07,4,3,2,2.84,12317.4
Kalimantan Tengah,Palangka Raya,Tebu,2969.9,27.6,82.4,4.64,3,3,1,14.3,59187.2
Nusa Tenggara Timur,Alor,Padi,1827.1,27.2,67.1,5.61,1,3,3,4.31,7196.2
Kalimantan Selatan,Banjar,Padi,2675.6,27.1,87.5,5.23,3,2,3,9.25,4525.0
DI Yogyakarta,Kulon Progo,Padi,1256.1,26.3,70.5,6.47,2,2,1,23.05,6738.1
Sumatera Selatan,Banyuasin,Jagung,1826.4,26.6,82.9,5.23,2,3,2,80.0,8761.1
Jambi,Tanjung Jabung Barat,Jagung,2039.5,28.7,80.8,5.47,3,2,2,12.19,5281.4
Maluku,Buru,Jagung,2187.1,26.4,87.2,5.7,2,2,2,26.54,4652.6
Papua Barat,Fakfak,Jagung,3257.6,27.2,86.6,5.48,1,5,2,23.06,7188.5
Banten,Lebak,Tebu,1459.4,27.7,78.9,6.19,2,2,3,13.02,90887.5
Jawa Barat,Bandung,Jagung,2014.8,28.7,80.9,5.58,4,2,4,37.95,8943.0
Kepulauan Riau,Bintan,Cabai Rawit,2582.9,26.2,88.9,6.06,2,3,2,1.31,10913.3
Kalimantan Timur,Kutai Kartanegara,Jagung,2505.3,26.9,74.1,4.57,1,2,1,15.04,4439.0
Kepulauan Riau,Tanjung Pinang,Bawang Merah,2255.6,25.6,91.9,5.48,3,2,3,3.61,10377.3
DKI Jakarta,Jakarta Barat,Bawang Merah,2252.3,27.4,74.1,4.87,4,3,2,4.6,13428.2
DKI Jakarta,Jakarta Pusat,Jagung,2093.2,27.2,85.1,5.54,3,2,4,14.23,7853.7
Sulawesi Selatan,Parepare,Bawang Merah,1376.5,27.6,77.1,5.32,2,3,2,0.95,12689.5
Papua Pegunungan,Wamena,Padi,3039.7,28.6,87.0,5.44,4,3,2,36.09,7313.3
Sulawesi Selatan,Parepare,Padi,2522.9,27.1,93.6,5.0,3,2,5,35.87,5691.5
Sulawesi Selatan,Gowa,Cabai Rawit,1956.3,26.9,85.3,6.43,2,2,2,3.65,7738.2
Jambi,Tanjung Jabung Timur,Bawang Merah,2573.8,25.9,89.9,5.27,5,1,1,1.61,12540.8
Nusa Tenggara Barat,Lombok Barat,Jagung,664.2,29.2,63.4,5.89,2,2,2,25.01,6904.3
Sulawesi Utara,Minahasa Utara,Cabai Rawit,1960.6,26.3,85.1,5.92,2,3,4,3.09,10743.8
Sulawesi Selatan,Makassar,Bawang Merah,1954.8,28.5,80.0,5.1,4,5,1,2.82,13452.1
Bengkulu,Rejang Lebong,Bawang Merah,2385.8,26.0,80.3,5.1,2,2,1,1.75,12845.9
Nusa Tenggara Timur,Ende,Cabai Rawit,1243.4,30.0,84.1,5.81,2,3,2,6.39,6293.7
Papua Tengah,Intan Jaya,Tebu,2734.8,27.8,81.2,4.2,2,3,3,44.97,75803.0
Nusa Tenggara Timur,Ende,Bawang Merah,1843.0,32.4,62.6,5.41,3,4,3,5.13,9681.9
Nusa Tenggara Timur,Manggarai,Bawang Merah,1732.6,27.6,75.4,6.5,3,3,1,4.06,11507.2
Riau,Rokan Hilir,Bawang Merah,2174.6,25.5,87.1,5.21,3,4,2,3.83,11409.2
Sulawesi Tengah,Poso,Padi,2579.1,26.2,77.5,5.95,1,1,3,38.86,6140.2
Jambi,Kota Jambi,Tebu,2138.9,26.9,93.3,5.33,4,3,3,51.04,98592.2
Sulawesi Utara,Minahasa Utara,Bawang Merah,2269.9,27.6,81.5,5.85,5,3,2,10.72,10812.5
Kalimantan Utara,Malinau,Jagung,2773.5,27.1,80.3,5.44,2,2,3,25.35,8217.8
Jambi,Sarolangun,Tebu,2903.7,26.0,77.6,5.35,3,2,3,40.88,97730.6
Maluku Utara,Halmahera Tengah,Jagung,2472.7,26.1,88.5,5.62,4,5,3,5.97,5235.8
Bali,Klungkung,Padi,2050.7,28.1,92.0,6.59,3,4,2,6.8,6021.4
Sulawesi Selatan,Parepare,Cabai Rawit,1783.8,25.9,81.8,6.12,4,2,3,1.63,10671.9
Kalimantan Timur,Kutai Timur,Padi,2930.1,29.4,88.5,4.51,3,3,3,22.11,5800.4
Nusa Tenggara Timur,Belu,Cabai Rawit,1734.5,29.8,56.6,5.94,2,3,3,6.84,10947.2
Nusa Tenggara Timur,Sikka,Tebu,1340.2,30.1,80.3,5.59,3,3,1,43.82,62162.0
Kalimantan Utara,Tarakan,Bawang Merah,2620.2,27.1,81.7,4.98,4,1,2,2.85,11815.7
DI Yogyakarta,Yogyakarta,Cabai Rawit,1587.3,28.2,75.5,5.9,3,4,4,6.95,8798.7
Papua,Yahukimo,Tebu,2323.8,27.5,92.5,5.34,3,2,1,68.12,51296.5
Papua Barat,Teluk Bintuni,Bawang Merah,2302.4,28.1,95.5,5.19,1,1,3,1.47,13684.4
Nusa Tenggara Timur,Alor,Tebu,1745.5,26.7,77.7,6.22,1,3,2,29.04,70621.1
Papua,Jayapura,Tebu,2298.9,27.7,85.4,5.47,2,1,3,77.79,80940.3
Nusa Tenggara Barat,Lombok Timur,Jagung,1465.2,28.0,74.5,5.52,1,2,3,14.5,7207.4
Papua Barat,Kaimana,Jagung,2940.0,26.1,90.4,4.44,3,1,3,17.01,8715.2
Aceh,Bener Meriah,Tebu,2547.4,25.1,84.5,5.94,1,3,5,11.25,83974.6
Jawa Barat,Tasikmalaya,Cabai Rawit,1641.4,26.6,74.2,6.19,4,2,2,6.71,7632.5
Sulawesi Selatan,Sinjai,Padi,2210.0,27.3,76.3,5.47,4,4,2,12.93,4665.1
Kalimantan Tengah,Kotawaringin Barat,Bawang Merah,2442.6,29.0,86.9,6.23,3,1,1,4.84,9878.9
Kalimantan Timur,Paser,Cabai Rawit,2936.1,27.7,93.9,5.05,1,1,2,3.35,10962.7
Kepulauan Riau,Natuna,Cabai Rawit,2460.3,27.3,90.7,4.68,2,3,3,3.36,11872.9
Sulawesi Utara,Bolaang Mongondow,Tebu,1810.3,29.4,71.6,5.9,1,2,2,40.97,82064.9
Papua Pegunungan,Lanny Jaya,Padi,3186.3,25.4,95.1,5.01,2,2,2,31.31,5772.7
Bengkulu,Bengkulu Utara,Cabai Rawit,1621.2,27.5,78.3,5.27,2,3,2,6.79,6785.6
Nusa Tenggara Barat,Dompu,Tebu,686.8,28.4,74.0,5.95,2,3,2,67.98,84098.2
Riau,Siak,Bawang Merah,2787.1,26.0,87.0,5.13,2,2,4,4.17,9698.8
Kalimantan Barat,Sanggau,Jagung,2040.1,28.0,86.6,5.61,4,1,5,50.02,5687.5
Jawa Tengah,Pati,Bawang Merah,1670.5,27.3,86.0,5.6,3,3,2,3.13,11860.3
Sumatera Utara,Simalungun,Padi,1687.9,25.9,93.3,5.7,2,2,3,13.96,5919.2
Kalimantan Timur,Kutai Kartanegara,Padi,2165.0,26.6,93.3,4.81,2,2,3,9.36,4605.9
Sumatera Selatan,Ogan Komering Ulu,Tebu,1459.2,26.7,88.5,5.0,3,2,2,46.96,80643.4
Kalimantan Selatan,Hulu Sungai Selatan,Tebu,2897.5,28.1,84.0,5.98,3,2,3,32.8,77175.0
Papua Barat Daya,Maybrat,Padi,2335.1,26.5,87.3,6.02,3,4,3,7.98,5616.9
Bali,Klungkung,Cabai Rawit,1561.8,28.7,87.7,5.54,2,4,2,4.22,7629.4
Gorontalo,Pohuwato,Bawang Merah,1690.8,27.6,82.8,4.58,3,2,4,6.75,13168.8
Jawa Timur,Tuban,Cabai Rawit,1450.4,26.5,82.8,5.25,4,2,2,11.96,9412.1
Jawa Tengah,Tegal,Padi,2244.2,26.9,67.5,6.71,1,2,3,11.85,5268.5
Riau,Rokan Hilir,Cabai Rawit,2843.0,25.5,84.9,4.94,3,2,1,4.62,7545.5
Bali,Buleleng,Padi,1750.9,28.5,84.4,6.16,2,2,3,43.1,5334.9
Maluku Utara,Tidore,Cabai Rawit,1731.7,26.1,96.0,5.41,2,2,3,2.12,8425.1
Nusa Tenggara Barat,Mataram,Jagung,1568.9,29.5,81.5,6.88,1,2,4,21.27,7766.9
Jambi,Tanjung Jabung Timur,Padi,2641.8,27.0,85.3,5.96,3,3,2,8.19,6225.3
Kepulauan Riau,Karimun,Padi,2313.1,25.1,93.4,5.46,3,1,3,11.39,5004.6
Kalimantan Tengah,Pulang Pisau,Tebu,2736.2,26.5,86.3,5.07,1,1,3,48.06,62706.2
Maluku Utara,Kep. Sula,Jagung,2266.4,26.5,85.7,5.61,3,2,3,21.42,8588.9
Kalimantan Utara,Bulungan,Cabai Rawit,2232.2,28.1,84.4,4.2,2,2,1,5.06,10121.1
Papua,Mamberamo Raya,Jagung,1907.3,26.8,84.8,4.9,2,2,4,24.72,8832.4
Papua Selatan,Boven Digoel,Bawang Merah,1787.9,27.3,94.7,5.65,2,3,3,4.08,10913.8
Jawa Tengah,Semarang,Tebu,1897.8,27.3,76.7,5.77,2,1,2,44.4,55768.3
DKI Jakarta,Jakarta Utara,Jagung,1686.8,28.3,77.1,5.76,4,3,4,7.06,6556.8
Kalimantan Timur,Berau,Jagung,2741.1,25.7,90.7,5.94,2,2,2,7.34,8263.5
Bali,Buleleng,Jagung,1527.0,27.2,78.0,4.3,3,4,1,45.43,6782.9
Nusa Tenggara Timur,Kupang,Jagung,1319.5,27.6,72.6,5.8,2,2,4,43.05,5758.6
Aceh,Bener Meriah,Bawang Merah,2925.0,27.2,84.1,5.47,3,2,2,3.12,10520.5
Sulawesi Utara,Minahasa,Cabai Rawit,1894.8,29.1,94.4,5.04,2,3,1,7.21,7685.1
Papua Tengah,Dogiyai,Tebu,1955.9,28.1,86.2,4.48,3,2,2,31.51,51850.3
Sumatera Utara,Simalungun,Cabai Rawit,2962.2,27.4,88.5,7.15,2,3,1,4.22,10520.4
Kalimantan Utara,Tana Tidung,Jagung,1726.4,26.9,92.1,6.37,4,2,3,8.01,6753.7
Kepulauan Riau,Lingga,Bawang Merah,1663.8,26.1,83.9,5.75,2,2,3,15.0,11782.1
Papua Barat Daya,Raja Ampat,Jagung,3073.8,26.0,90.2,5.36,3,2,3,22.03,8270.3
Banten,Tangerang Selatan,Jagung,1547.8,26.5,83.4,5.83,1,1,3,9.95,5636.4
Sumatera Selatan,Palembang,Padi,2562.3,25.9,80.0,4.85,4,3,3,47.56,5961.8
Aceh,Aceh Besar,Jagung,2306.4,26.7,83.0,5.88,5,2,3,17.95,6909.5
Jawa Timur,Bondowoso,Bawang Merah,2028.4,29.1,80.1,5.4,3,2,1,3.77,11023.4
Bengkulu,Kepahiang,Cabai Rawit,3305.8,27.6,88.7,5.95,2,3,1,16.0,11460.8
Nusa Tenggara Timur,Belu,Jagung,1113.8,29.3,64.0,6.3,2,2,4,31.88,8314.0
Sulawesi Selatan,Barru,Padi,1625.9,26.9,81.2,5.72,2,3,3,45.16,5714.6
Sulawesi Tengah,Palu,Cabai Rawit,1664.8,26.4,77.9,6.99,3,2,1,4.13,11230.5
DI Yogyakarta,Gunung Kidul,Padi,1437.9,27.1,87.2,5.83,2,2,4,4.02,5276.7
DI Yogyakarta,Sleman,Bawang Merah,1405.6,29.2,81.2,5.85,3,4,3,3.48,12096.0
Jawa Timur,Malang,Tebu,1844.8,27.8,78.8,5.97,2,3,2,26.96,55735.0
Jambi,Tanjung Jabung Barat,Cabai Rawit,1632.9,26.4,81.2,4.69,4,1,3,4.41,10315.4
Sulawesi Utara,Bitung,Jagung,1832.7,26.9,77.6,6.85,3,2,2,20.72,4668.0
Jawa Timur,Lamongan,Bawang Merah,1377.6,26.8,73.6,5.32,2,3,3,5.75,13371.4
Sulawesi Barat,Mamuju,Tebu,1465.5,26.2,80.4,6.29,5,3,3,18.91,90408.1
Papua Barat,Sorong,Tebu,2152.9,26.3,86.3,4.67,4,5,4,57.27,90418.3
Nusa Tenggara Timur,Lembata,Bawang Merah,925.6,30.2,72.7,5.75,2,1,1,3.52,9744.0
Sulawesi Selatan,Maros,Tebu,2135.9,26.4,70.3,5.28,3,3,1,12.88,51650.1
Papua,Sarmi,Padi,2532.8,27.5,88.1,6.15,3,3,2,6.0,7336.2
Maluku Utara,Tidore,Tebu,1611.8,26.3,84.7,5.38,1,3,3,65.63,86809.3
Kalimantan Selatan,Banjarmasin,Cabai Rawit,3390.2,27.9,91.7,4.98,2,2,3,5.72,9554.1
Aceh,Aceh Utara,Jagung,2936.0,28.6,91.6,6.31,3,3,2,26.76,7770.0
Kepulauan Riau,Lingga,Jagung,2326.2,26.1,80.0,5.72,4,3,3,17.76,7813.3
Kalimantan Tengah,Kotawaringin Barat,Cabai Rawit,2827.1,27.8,88.6,5.5,4,3,2,2.71,7818.1
Sumatera Selatan,Ogan Komering Ulu,Cabai Rawit,2989.6,26.6,82.9,5.57,3,3,2,2.87,10618.2
Sumatera Utara,Medan,Padi,1984.1,27.3,88.8,5.75,2,2,3,19.02,6959.6
Sumatera Utara,Asahan,Bawang Merah,2170.1,26.7,93.2,5.94,3,2,2,3.08,9522.7
Papua Barat Daya,Maybrat,Jagung,1797.9,27.0,92.6,5.35,2,1,3,12.82,5398.5
Kepulauan Riau,Batam,Bawang Merah,2271.9,24.8,84.5,6.44,3,4,1,3.22,10035.9
Gorontalo,Bone Bolango,Tebu,2083.3,27.3,95.7,5.06,2,1,3,31.38,80347.2
Sulawesi Tenggara,Buton,Cabai Rawit,2273.7,27.8,83.2,6.03,3,2,3,9.2,9070.5
Riau,Pelalawan,Jagung,1486.9,25.1,93.6,5.31,2,1,2,27.98,5387.6
Papua Selatan,Asmat,Bawang Merah,2528.7,27.5,88.5,4.96,3,4,1,2.88,11550.5
DKI Jakarta,Jakarta Utara,Cabai Rawit,2008.6,27.6,81.3,6.74,2,4,3,2.31,10377.8
Sulawesi Tenggara,Buton,Tebu,1964.2,26.7,82.2,5.77,3,1,2,15.99,70127.8
Papua Pegunungan,Jayawijaya,Tebu,2317.0,26.0,86.0,5.33,3,3,2,150.0,58006.8
Sulawesi Tengah,Parigi Moutong,Jagung,2304.3,26.6,70.4,5.76,2,3,2,16.31,7252.4
Kalimantan Selatan,Banjarbaru,Cabai Rawit,2553.7,28.5,91.1,4.85,3,2,3,4.74,8580.7
Gorontalo,Gorontalo,Padi,2888.0,26.3,83.2,5.89,3,3,3,22.48,5998.7
Bangka Belitung,Belitung,Tebu,2833.9,25.5,81.6,5.43,2,1,3,73.27,59249.6
Sulawesi Selatan,Bantaeng,Padi,1551.3,27.6,86.2,6.04,2,2,4,8.3,5252.9
Kepulauan Riau,Bintan,Bawang Merah,2283.0,26.0,88.1,5.5,4,3,4,2.82,12400.5
Maluku Utara,Halmahera Barat,Tebu,1918.3,26.3,90.2,5.38,1,3,3,58.66,65011.6
Sulawesi Tenggara,Buton,Padi,2103.9,27.9,76.6,5.25,3,2,3,7.81,5000.1
Kalimantan Utara,Nunukan,Jagung,2212.7,28.2,84.8,4.64,1,3,3,6.46,8835.0
Sumatera Barat,Padang,Tebu,2953.2,26.2,78.0,5.63,4,2,2,95.97,55133.1
Bengkulu,Bengkulu Utara,Jagung,2567.0,26.2,80.6,5.72,2,2,3,18.35,5947.4
Kalimantan Barat,Landak,Padi,1766.4,28.9,80.4,5.37,1,3,3,24.87,7060.6
Maluku,Maluku Tenggara,Jagung,3309.4,26.4,93.0,4.83,4,2,1,7.86,7001.0
Maluku Utara,Tidore,Jagung,2310.0,25.9,86.4,4.57,3,2,2,58.35,6897.2
Sumatera Barat,Solok,Padi,2388.3,26.3,83.4,6.1,4,3,4,19.51,5474.4
DKI Jakarta,Jakarta Utara,Tebu,1205.2,28.3,80.9,5.91,4,1,3,24.57,87152.1
Bangka Belitung,Pangkal Pinang,Tebu,2250.1,26.7,82.2,5.5,2,3,3,21.54,81155.1
Papua,Sarmi,Cabai Rawit,3308.5,26.7,82.3,4.67,2,2,2,4.96,8852.6
Bangka Belitung,Belitung Timur,Cabai Rawit,2175.9,26.7,83.9,4.98,3,2,3,4.49,8360.8
Jawa Tengah,Brebes,Bawang Merah,1934.5,27.1,87.0,5.51,1,4,2,2.96,12030.0
Maluku Utara,Halmahera Barat,Cabai Rawit,2682.2,26.9,83.8,5.39,2,3,2,3.64,10127.8
Sumatera Utara,Medan,Bawang Merah,2088.2,25.2,82.0,5.31,3,2,3,7.71,13366.3
Jawa Tengah,Kebumen,Cabai Rawit,2262.8,27.4,75.1,5.89,1,4,2,11.15,10446.8
Kalimantan Timur,Berau,Padi,2405.8,28.3,90.8,5.8,3,1,3,70.0,4880.2
Sumatera Selatan,Banyuasin,Padi,2273.3,26.8,84.8,4.75,1,2,3,29.0,6239.0
Maluku Utara,Halmahera Selatan,Padi,2616.1,27.9,87.8,6.41,2,3,3,17.99,7372.2
Sulawesi Selatan,Sinjai,Jagung,2037.4,26.2,81.4,5.21,1,1,1,19.68,4279.6
Papua Pegunungan,Nduga,Jagung,2524.9,26.7,86.4,4.77,2,3,3,40.96,7584.0
Jambi,Tanjung Jabung Timur,Tebu,2148.2,28.7,88.9,5.91,2,4,2,29.54,93027.7
Papua Selatan,Merauke,Tebu,3075.5,25.6,81.3,4.34,3,2,2,34.7,99071.7
Kalimantan Selatan,Banjar,Bawang Merah,2423.0,27.0,86.5,4.65,2,4,2,2.55,12113.7
Kalimantan Barat,Sanggau,Padi,2569.5,28.9,81.0,5.2,5,4,1,12.13,6863.5
Jawa Barat,Tasikmalaya,Padi,2391.9,29.3,88.6,5.72,3,1,2,20.67,7236.0
DKI Jakarta,Jakarta Pusat,Cabai Rawit,1152.6,28.2,83.2,6.04,3,2,2,3.41,8540.6
Nusa Tenggara Timur,Sikka,Bawang Merah,1092.5,28.2,86.5,6.07,1,2,3,4.87,11707.5
Jawa Barat,Cianjur,Jagung,1651.4,28.9,77.5,5.99,2,1,2,14.99,4680.0
Kalimantan Tengah,Palangka Raya,Padi,2985.5,27.5,93.6,6.31,3,3,3,15.89,6623.8
Sulawesi Tengah,Donggala,Padi,1679.3,27.1,84.0,5.46,5,1,2,22.51,4633.2
Papua Barat,Teluk Bintuni,Tebu,2897.0,25.9,82.7,5.03,3,2,4,9.11,58514.3
Sumatera Barat,Tanah Datar,Jagung,2410.5,26.7,77.8,5.77,5,3,3,36.3,8926.6
Jawa Barat,Indramayu,Bawang Merah,1914.1,28.2,68.9,6.79,1,1,3,2.37,12894.2
Jawa Tengah,Klaten,Cabai Rawit,1022.8,27.2,78.7,6.63,3,3,2,3.32,11390.9
Papua Barat Daya,Sorong Selatan,Padi,3204.4,27.6,92.7,5.71,3,3,2,19.8,6304.0
Lampung,Lampung Selatan,Jagung,2234.5,24.7,81.0,4.76,2,3,4,14.04,4253.7
Sulawesi Tenggara,Kolaka,Tebu,1516.4,26.0,76.1,5.57,3,4,4,36.87,99160.6
DI Yogyakarta,Gunung Kidul,Cabai Rawit,2543.7,28.3,81.3,7.29,2,2,3,2.42,10018.3
Jawa Tengah,Pati,Tebu,1385.9,28.8,87.2,5.27,5,3,3,28.38,56716.9
Papua Pegunungan,Lanny Jaya,Tebu,3379.6,25.5,95.6,4.75,5,3,3,19.5,67679.8
Bangka Belitung,Bangka,Cabai Rawit,1985.1,27.9,86.9,4.72,2,1,3,2.81,6244.6
Riau,Pekanbaru,Tebu,2374.7,27.0,87.7,4.67,2,1,1,14.17,62895.4
Papua Pegunungan,Nduga,Bawang Merah,2831.6,26.0,86.4,5.38,3,3,3,3.66,13084.4
Bangka Belitung,Belitung Timur,Padi,1188.0,25.2,86.5,6.44,3,2,2,29.43,5689.5
Papua Selatan,Asmat,Cabai Rawit,2338.3,26.9,97.8,4.2,2,3,4,3.11,8940.4
Gorontalo,Boalemo,Padi,2157.4,23.2,75.6,5.48,2,2,3,9.91,5068.7
Jambi,Tanjung Jabung Barat,Bawang Merah,1459.0,24.7,79.4,5.27,1,3,1,3.72,11650.8
Lampung,Lampung Timur,Padi,2779.6,26.2,87.3,6.59,2,5,3,16.39,6751.2
Sulawesi Barat,Mamuju Tengah,Tebu,1544.6,27.9,77.5,6.08,2,2,2,135.52,71453.5
Sulawesi Tengah,Palu,Bawang Merah,1561.6,27.2,84.7,5.35,4,2,1,2.94,9122.1
Jawa Barat,Sukabumi,Padi,1313.3,28.7,72.7,5.33,3,2,2,23.55,6433.1
Jawa Tengah,Kebumen,Bawang Merah,2278.8,27.6,78.4,5.4,1,1,2,2.83,13175.4
DKI Jakarta,Jakarta Timur,Cabai Rawit,1501.4,25.8,78.6,5.55,3,4,2,3.99,8353.6
Sumatera Barat,Padang,Jagung,1405.3,27.4,78.1,5.5,3,2,2,37.41,4451.5
Nusa Tenggara Timur,Belu,Tebu,941.4,31.2,78.0,5.85,3,2,1,36.08,95981.3
Sumatera Utara,Asahan,Padi,2534.4,27.2,96.8,6.11,3,1,2,18.45,5277.1
Kepulauan Riau,Tanjung Pinang,Tebu,1867.1,26.4,86.6,4.82,3,4,2,25.78,73808.1
DKI Jakarta,Kep. Seribu,Padi,2299.9,26.0,82.2,5.06,3,3,2,23.59,4699.8
Gorontalo,Boalemo,Jagung,2695.7,29.3,86.3,5.73,4,3,3,30.93,8060.1
Nusa Tenggara Timur,TTS,Tebu,1155.6,26.3,67.5,5.92,2,2,4,28.76,91998.2
Lampung,Lampung Tengah,Bawang Merah,1563.6,27.3,90.5,5.47,4,3,2,7.14,10408.0
Kalimantan Tengah,Kapuas,Cabai Rawit,1724.6,26.5,88.1,4.71,1,2,2,1.69,10514.2
Kepulauan Riau,Natuna,Bawang Merah,2569.6,26.6,85.0,5.26,2,3,3,5.4,11346.7
Papua Pegunungan,Wamena,Bawang Merah,3500.0,27.6,82.7,5.83,5,2,2,3.36,10820.0
Sulawesi Tengah,Sigi,Tebu,2535.5,27.0,84.0,5.59,1,4,1,46.05,71087.5
Bengkulu,Bengkulu Utara,Bawang Merah,2055.7,26.7,84.8,5.64,2,2,1,5.55,10420.7
Riau,Rokan Hulu,Cabai Rawit,2701.3,28.0,79.4,5.63,3,3,3,0.71,9169.3
Bangka Belitung,Bangka Selatan,Padi,1427.5,27.5,81.6,5.51,5,1,4,9.23,6654.0
Maluku Utara,Kep. Sula,Cabai Rawit,3062.8,27.2,83.2,5.23,3,2,1,3.37,10832.3
Gorontalo,Pohuwato,Cabai Rawit,1643.6,26.1,85.2,5.6,3,2,3,1.28,11347.1
Papua Tengah,Deiyai,Cabai Rawit,2912.4,29.5,79.9,4.2,3,3,3,5.38,10685.3
Bengkulu,Lebong,Padi,1333.1,27.1,87.4,5.69,2,3,2,12.48,4584.7
Sulawesi Tenggara,Muna,Bawang Merah,2588.5,28.4,92.2,4.77,2,3,3,4.66,12511.1
Bali,Denpasar,Tebu,2006.0,27.4,79.2,5.75,4,2,2,26.21,92219.9
Papua Barat Daya,Sorong,Tebu,3205.3,27.6,84.0,4.27,4,5,2,39.1,76449.7
Sulawesi Tengah,Parigi Moutong,Tebu,1640.4,26.0,79.8,5.3,1,2,4,72.54,55231.5
Maluku Utara,Halmahera Selatan,Bawang Merah,2181.3,28.0,86.2,5.42,3,2,3,5.52,11913.7
Papua Pegunungan,Lanny Jaya,Bawang Merah,2120.9,27.4,88.4,5.12,3,2,3,6.21,8243.3
Papua Pegunungan,Nduga,Padi,3306.3,24.6,85.9,4.44,4,2,2,8.03,4727.0
Papua Barat,Fakfak,Cabai Rawit,2699.2,26.6,86.8,4.36,1,2,3,5.6,6313.6
Nusa Tenggara Timur,TTU,Cabai Rawit,1322.1,26.8,66.0,6.09,1,3,1,2.42,10268.6
Sulawesi Tengah,Sigi,Bawang Merah,1769.8,26.3,76.7,5.45,3,2,2,6.11,12047.7
Jawa Timur,Surabaya,Jagung,1920.6,28.5,76.4,5.61,2,3,2,6.98,8798.9
Nusa Tenggara Barat,Mataram,Cabai Rawit,1292.7,27.8,63.8,6.78,3,2,3,2.76,10315.0
Papua Selatan,Mappi,Bawang Merah,1887.2,27.0,80.6,4.73,2,3,4,1.75,11479.7
Sulawesi Utara,Tomohon,Tebu,1443.5,28.1,80.7,4.93,2,2,1,21.3,60739.2
Papua Barat,Teluk Wondama,Jagung,2485.2,28.0,84.5,5.42,1,2,3,43.55,8310.2
Aceh,Bener Meriah,Jagung,1900.5,28.6,83.3,5.18,3,2,4,5.99,7823.2
Papua Pegunungan,Nduga,Cabai Rawit,1792.9,27.1,84.0,4.76,1,1,2,2.19,7554.6
Kalimantan Tengah,Kotawaringin Timur,Jagung,1956.0,25.6,83.9,5.15,3,4,4,16.29,7991.7
Sulawesi Tenggara,Konawe,Cabai Rawit,1124.0,27.3,87.3,5.24,3,2,1,1.18,9707.5
Banten,Tangerang,Bawang Merah,1640.9,26.7,75.8,4.61,3,4,3,6.66,12494.0
Papua Tengah,Dogiyai,Bawang Merah,2476.9,26.5,80.6,4.65,2,2,1,2.91,13862.0
Sulawesi Tengah,Morowali,Bawang Merah,1876.6,27.6,73.9,6.13,3,2,1,2.1,13025.2
Bangka Belitung,Pangkal Pinang,Jagung,1874.4,27.5,90.0,6.02,3,2,3,16.6,6964.3
Gorontalo,Gorontalo Utara,Tebu,2247.5,26.3,87.9,5.39,2,2,2,14.68,60685.7
Aceh,Bireuen,Cabai Rawit,1938.2,27.6,84.6,5.93,3,2,3,2.14,8378.8
Papua Tengah,Intan Jaya,Cabai Rawit,2423.5,26.1,82.3,4.98,3,1,1,4.44,7574.3
Bengkulu,Kepahiang,Bawang Merah,1796.2,25.3,76.0,5.89,3,3,2,8.44,13127.9
Riau,Kampar,Padi,2230.1,27.3,85.3,5.34,2,1,2,5.51,6849.3
Banten,Tangerang,Jagung,1496.2,30.0,84.6,5.75,2,3,1,32.34,5963.4
DKI Jakarta,Jakarta Selatan,Tebu,914.3,27.6,80.0,6.08,2,1,2,32.68,94985.6
Maluku,Maluku Tengah,Padi,2088.6,27.3,78.8,4.34,2,1,3,41.47,5931.3
Bali,Karangasem,Cabai Rawit,1195.2,27.5,91.5,6.51,3,4,2,9.05,10289.3
Lampung,Lampung Timur,Tebu,2685.5,27.0,79.5,4.48,3,3,4,26.54,84059.1
Kalimantan Utara,Malinau,Tebu,2453.1,28.4,80.6,4.34,3,2,3,40.83,73966.4
Jawa Timur,Tuban,Tebu,1192.2,28.4,70.5,6.09,3,5,2,19.05,60149.1
Bangka Belitung,Bangka Tengah,Tebu,1625.4,27.1,90.5,5.28,3,4,4,60.1,79325.2
Kalimantan Timur,Balikpapan,Cabai Rawit,2931.7,27.6,87.4,5.44,3,1,3,1.91,8683.1
Sumatera Utara,Asahan,Jagung,1699.9,29.3,82.9,5.55,3,4,2,11.11,6549.9
Kalimantan Barat,Landak,Cabai Rawit,2911.1,27.7,86.0,5.36,4,4,2,6.16,6407.5
Aceh,Aceh Utara,Cabai Rawit,1750.5,26.6,79.4,6.0,3,3,3,9.78,6744.1
Maluku Utara,Ternate,Bawang Merah,2376.1,26.7,84.5,4.22,2,4,2,2.19,8625.3
Jambi,Tanjung Jabung Timur,Cabai Rawit,1984.9,26.6,81.0,4.69,3,2,3,4.02,7059.4
Sulawesi Tenggara,Kendari,Bawang Merah,1695.5,26.2,76.0,5.33,4,3,5,7.9,10762.8
Lampung,Metro,Jagung,2532.5,26.4,89.6,5.62,2,4,3,14.02,4226.7
Bangka Belitung,Belitung,Bawang Merah,2374.3,26.3,85.0,5.3,2,1,3,8.0,12941.0
Gorontalo,Gorontalo Utara,Cabai Rawit,2007.0,27.7,90.0,5.54,1,4,5,3.11,6390.6
Jawa Timur,Bondowoso,Tebu,2020.6,28.7,75.4,4.8,1,2,2,20.55,81665.6
Riau,Rokan Hulu,Bawang Merah,2616.3,24.0,86.2,6.18,4,1,2,15.0,11547.2
Sulawesi Selatan,Bantaeng,Bawang Merah,1502.4,28.1,87.0,5.39,3,2,4,3.01,10533.2
Papua,Jayapura,Padi,1945.8,29.0,92.4,5.25,1,4,5,40.06,6903.5
Sumatera Selatan,Ogan Ilir,Bawang Merah,1938.1,26.4,87.0,5.25,2,2,1,5.57,13746.3
Jawa Barat,Subang,Bawang Merah,1761.2,26.4,78.3,6.87,3,3,5,4.15,11267.7
Jawa Barat,Subang,Cabai Rawit,1630.5,28.1,70.3,4.98,2,3,4,1.6,11749.1
Bali,Bangli,Tebu,1856.9,27.0,74.9,5.33,1,1,4,41.15,94067.2
Papua Selatan,Boven Digoel,Tebu,2722.5,26.5,81.4,5.16,1,1,3,18.47,89781.3
Papua Selatan,Merauke,Cabai Rawit,1517.2,26.2,83.1,4.37,2,2,1,1.1,10937.2
Lampung,Pringsewu,Padi,2488.7,26.0,90.4,4.41,4,3,4,14.14,5445.6
Sulawesi Tengah,Parigi Moutong,Cabai Rawit,1749.7,25.6,73.7,5.61,2,2,3,3.92,10704.9
DI Yogyakarta,Yogyakarta,Bawang Merah,1822.6,27.8,74.6,5.89,3,3,2,3.77,12333.8
Sulawesi Tengah,Donggala,Jagung,1918.5,26.9,89.9,4.68,2,2,3,15.8,7571.6
Bangka Belitung,Bangka Tengah,Cabai Rawit,1412.6,28.2,83.7,5.29,4,3,3,6.84,11466.0
Kalimantan Utara,Nunukan,Cabai Rawit,2403.0,27.9,87.1,4.96,4,3,4,8.58,9232.6
Papua Barat Daya,Raja Ampat,Cabai Rawit,2177.0,25.9,92.2,4.49,3,3,4,15.13,6776.5
Riau,Pekanbaru,Cabai Rawit,1341.5,26.7,76.7,6.22,4,2,3,16.0,10199.7
DKI Jakarta,Jakarta Timur,Tebu,1541.0,27.9,86.4,5.09,2,1,2,37.45,96645.1
Banten,Serang,Bawang Merah,1667.5,26.8,91.8,5.23,3,2,2,1.33,13842.9
Sulawesi Tenggara,Baubau,Cabai Rawit,1803.8,25.2,78.9,4.72,4,4,2,2.79,9836.3
Jawa Barat,Cirebon,Padi,1982.4,29.3,82.3,5.84,3,2,1,20.21,5947.0
Nusa Tenggara Barat,Bima,Jagung,1573.2,30.0,75.1,6.93,3,1,3,38.43,6945.1
Jambi,Tanjung Jabung Barat,Padi,1798.5,25.8,84.5,4.58,5,2,2,47.67,4706.0
Maluku Utara,Ternate,Tebu,2103.5,27.8,89.5,4.63,3,5,3,103.58,99105.5
Papua,Yahukimo,Cabai Rawit,2118.5,27.8,93.9,4.66,2,3,4,1.36,6020.1
Maluku Utara,Halmahera Barat,Padi,2773.6,26.7,90.9,4.92,1,1,4,20.21,5755.5
Papua Barat,Manokwari,Tebu,2564.9,25.6,80.1,5.0,2,2,2,57.12,76824.4
Kalimantan Timur,Kutai Kartanegara,Tebu,1774.4,26.8,91.2,4.8,4,2,4,32.01,74540.8
Banten,Cilegon,Bawang Merah,1723.1,26.7,83.3,6.17,3,2,2,3.18,12192.9
Jawa Timur,Bondowoso,Jagung,2128.3,27.8,74.4,5.89,1,2,2,6.16,5654.9
Jawa Tengah,Semarang,Bawang Merah,1858.5,27.4,82.1,5.26,2,2,3,12.31,9018.3
Sulawesi Selatan,Barru,Bawang Merah,1707.7,27.7,80.7,4.2,1,1,3,1.54,12309.8
Jawa Timur,Madiun,Bawang Merah,1729.4,27.8,77.9,5.89,3,5,3,4.9,12359.8
Nusa Tenggara Timur,TTU,Jagung,1760.2,30.1,68.5,6.57,2,2,2,11.18,5587.3
Kalimantan Selatan,Banjarbaru,Jagung,2601.6,28.2,79.0,5.33,3,1,3,19.8,7838.2
Sulawesi Selatan,Bone,Jagung,2208.5,26.9,83.7,5.48,5,2,2,13.32,4558.0
Jawa Timur,Blitar,Cabai Rawit,1902.9,27.3,74.7,6.15,2,2,1,2.62,7176.3
Maluku Utara,Halmahera Tengah,Padi,2251.7,27.7,87.4,6.62,2,2,3,7.99,5556.8
Kalimantan Tengah,Pulang Pisau,Cabai Rawit,2833.3,27.0,82.0,4.97,1,2,3,6.52,10618.7
Sulawesi Utara,Minahasa,Tebu,2144.2,25.9,73.2,6.0,2,2,4,17.74,66706.9
Banten,Tangerang Selatan,Bawang Merah,1964.3,29.0,78.0,5.73,3,3,4,7.39,10329.0
Papua Tengah,Paniai,Bawang Merah,3310.2,25.6,83.5,5.1,3,1,4,0.8,12869.0
Sulawesi Barat,Mamuju Tengah,Cabai Rawit,2175.8,26.7,80.2,6.0,2,4,2,1.76,6750.7
DI Yogyakarta,Sleman,Jagung,1357.9,27.5,91.1,6.43,5,2,3,30.76,5771.4
Bangka Belitung,Pangkal Pinang,Bawang Merah,2505.0,25.6,85.9,4.96,3,3,2,2.02,11416.7
Sulawesi Tenggara,Baubau,Tebu,1594.9,26.6,83.7,5.44,2,2,2,41.14,61124.8
Bali,Klungkung,Jagung,1820.6,27.2,93.9,5.44,3,1,3,14.47,4120.4
Nusa Tenggara Barat,Dompu,Cabai Rawit,2067.4,28.8,65.4,5.79,3,3,3,5.02,10856.7
Bali,Buleleng,Cabai Rawit,1739.0,28.4,86.5,5.61,2,2,2,2.45,11602.6
Bali,Buleleng,Tebu,1032.2,29.6,82.5,6.07,3,1,1,28.59,59717.8
Papua,Yahukimo,Padi,1895.1,28.3,95.9,4.66,3,1,3,18.35,7300.1
Sumatera Utara,Simalungun,Tebu,1655.5,27.0,86.9,5.63,3,3,1,61.92,78372.0
Bali,Badung,Padi,1646.8,28.5,78.4,5.24,1,2,3,23.56,5438.9
Jawa Timur,Surabaya,Cabai Rawit,1417.3,27.5,77.1,6.25,2,3,2,4.78,6646.8
Maluku,Seram Bagian Timur,Padi,2154.8,28.5,83.9,5.69,2,3,2,23.13,5697.6
Nusa Tenggara Barat,Sumbawa,Padi,1534.9,27.2,71.5,6.72,3,3,3,16.53,5334.2
Jawa Barat,Indramayu,Jagung,2134.6,27.8,74.2,6.91,1,3,1,11.68,5949.1
Bali,Karangasem,Tebu,1752.0,26.7,81.0,5.57,3,3,2,16.09,51756.0
Kalimantan Timur,Kutai Timur,Bawang Merah,2006.4,26.7,86.7,5.39,3,3,2,1.23,13334.7
DKI Jakarta,Jakarta Timur,Jagung,1365.3,27.1,85.6,5.79,2,1,2,30.29,4027.2
Kalimantan Timur,Samarinda,Bawang Merah,2621.6,28.7,84.2,5.01,3,1,2,4.33,10751.6
Sulawesi Utara,Minahasa,Padi,2030.3,26.3,80.7,6.02,2,3,3,9.15,7013.5
Jawa Timur,Jember,Jagung,1949.3,27.8,83.8,5.48,3,3,3,30.05,5745.2
Sumatera Barat,Tanah Datar,Bawang Merah,1923.4,26.0,86.8,4.71,4,2,5,4.39,13423.9
Aceh,Pidie,Cabai Rawit,2108.8,27.0,89.9,5.93,2,4,3,4.05,8885.5
DI Yogyakarta,Yogyakarta,Tebu,1586.7,27.8,79.8,4.65,2,3,3,30.8,92428.4
Banten,Pandeglang,Tebu,1614.2,26.5,70.3,5.51,3,4,2,69.86,93349.7
Kalimantan Timur,Kutai Kartanegara,Bawang Merah,2224.9,28.6,80.9,5.34,2,4,3,14.84,12894.8
Maluku,Maluku Tengah,Jagung,2019.6,27.5,86.4,4.75,2,2,4,20.35,8378.5
DKI Jakarta,Jakarta Pusat,Bawang Merah,1941.1,27.5,80.1,5.64,3,2,2,1.52,12309.6
Kalimantan Selatan,Hulu Sungai Selatan,Bawang Merah,2905.0,28.8,90.8,4.2,2,3,1,10.93,13121.8
Riau,Siak,Cabai Rawit,1651.7,24.8,83.0,5.1,4,3,4,2.2,8358.7
Nusa Tenggara Timur,Belu,Bawang Merah,867.2,29.6,71.8,6.13,2,1,2,6.65,8416.7
Maluku,Maluku Tenggara,Tebu,3052.1,26.8,84.2,4.58,3,1,4,58.35,82267.7
Kalimantan Utara,Bulungan,Tebu,2669.5,28.4,76.0,4.2,2,2,1,46.25,90634.9
Kalimantan Timur,Samarinda,Padi,2118.3,27.3,87.2,5.61,3,2,2,17.95,7028.0
Jawa Tengah,Tegal,Bawang Merah,2178.6,27.0,79.0,6.54,3,2,3,4.26,13026.7
Maluku,Seram Bagian Timur,Tebu,3500.0,26.2,87.0,5.47,2,1,1,48.22,84687.4
Maluku Utara,Halmahera Selatan,Jagung,3412.2,27.0,84.0,6.31,4,1,4,12.81,5178.2
Sulawesi Tenggara,Baubau,Padi,2482.8,28.3,80.7,6.27,3,3,2,10.03,6742.8
Sumatera Barat,Pesisir Selatan,Cabai Rawit,2979.2,27.1,81.8,4.2,3,3,4,3.13,9367.2
Papua Selatan,Mappi,Padi,2573.9,26.8,82.5,5.58,2,4,1,13.46,5773.4
Nusa Tenggara Timur,Lembata,Padi,2033.5,28.9,78.8,5.8,1,3,2,16.54,4905.5
Kalimantan Utara,Tarakan,Cabai Rawit,1903.5,27.8,82.9,5.25,2,1,2,16.0,8424.6
Maluku,Ambon,Padi,1939.3,27.1,85.5,4.62,3,3,3,7.65,7062.5
Jawa Timur,Probolinggo,Bawang Merah,1663.0,28.2,84.4,5.71,2,4,1,1.49,11614.0
Lampung,Pesawaran,Bawang Merah,2551.7,26.2,84.5,4.92,3,3,1,4.43,11423.3
Papua Barat,Teluk Bintuni,Padi,2203.0,28.5,91.6,5.76,3,1,2,12.27,6004.5
Nusa Tenggara Barat,Mataram,Bawang Merah,1197.9,29.8,71.9,7.35,2,2,2,9.7,8126.2
Bali,Tabanan,Padi,2358.1,27.6,84.6,6.09,4,2,2,36.11,7138.5
Sulawesi Selatan,Sinjai,Bawang Merah,2300.5,25.8,73.6,6.47,2,2,3,2.89,10460.3
Maluku,Maluku Tenggara,Cabai Rawit,3094.4,27.3,90.0,6.62,2,3,1,8.15,6136.3
Riau,Siak,Jagung,2084.0,25.1,87.4,5.55,4,4,3,8.89,8435.8
Jawa Timur,Lamongan,Jagung,1782.7,27.1,84.1,5.61,3,4,2,30.97,7983.3
Lampung,Pesawaran,Padi,1920.5,25.6,89.3,5.83,2,3,2,28.37,6653.9
Riau,Kampar,Bawang Merah,2469.1,25.8,81.6,6.91,1,4,2,4.34,10465.4
Sumatera Selatan,Banyuasin,Tebu,3103.6,26.2,77.3,5.55,3,4,2,33.43,75789.9
Kalimantan Timur,Kutai Timur,Tebu,2203.5,29.4,91.7,5.84,1,2,1,30.28,80228.9
Sumatera Utara,Deli Serdang,Tebu,2097.7,26.1,79.4,4.2,2,2,3,74.36,53299.3
Maluku,Buru,Bawang Merah,2623.2,27.4,85.8,4.24,3,2,3,10.23,10178.9
Jawa Tengah,Grobogan,Bawang Merah,2210.6,28.2,82.3,6.39,4,2,3,2.76,12973.9
Jawa Timur,Blitar,Jagung,2181.0,27.7,80.6,6.78,3,2,1,17.36,4159.3
DKI Jakarta,Jakarta Selatan,Padi,1844.3,28.0,74.2,4.94,2,3,3,25.55,6302.8
Jawa Timur,Probolinggo,Cabai Rawit,1546.0,27.0,79.8,6.35,3,2,3,2.64,7848.2
Sumatera Selatan,Palembang,Bawang Merah,2767.1,27.1,90.3,5.84,4,3,3,8.98,11864.2
Bali,Badung,Cabai Rawit,2061.3,26.8,75.0,6.03,3,2,2,2.61,8559.1
Sulawesi Tenggara,Kolaka,Jagung,2010.3,28.1,90.3,5.48,1,3,2,26.75,8140.0
Nusa Tenggara Timur,Lembata,Cabai Rawit,1755.7,28.9,74.6,5.96,2,3,2,4.22,7296.6
Lampung,Pringsewu,Cabai Rawit,1277.6,25.9,91.8,5.47,1,3,3,5.25,8873.9
Sulawesi Tengah,Sigi,Cabai Rawit,2476.4,27.2,66.5,5.37,2,3,2,2.02,8122.3
Jawa Tengah,Boyolali,Bawang Merah,1906.7,29.0,92.7,4.7,2,2,2,6.9,12520.2
Riau,Kampar,Jagung,1949.9,26.4,85.8,4.97,3,2,1,19.64,6344.0
Sulawesi Tenggara,Baubau,Jagung,2372.9,26.9,75.2,6.23,3,2,1,32.56,7714.1
Lampung,Lampung Selatan,Cabai Rawit,2344.6,27.0,82.9,4.86,3,3,3,0.97,7182.2
Jawa Timur,Probolinggo,Tebu,2056.9,27.5,86.5,5.99,1,2,2,45.01,57079.2
Jawa Barat,Indramayu,Cabai Rawit,1337.5,29.0,78.6,6.59,2,3,3,5.5,11522.5
Lampung,Pringsewu,Bawang Merah,2070.6,24.9,80.7,6.05,4,2,3,15.0,13793.0
Kalimantan Barat,Sambas,Padi,2575.0,27.6,73.5,4.69,5,1,1,26.25,6837.7
Jambi,Sarolangun,Jagung,1882.1,26.1,85.7,5.23,1,2,2,37.41,8653.1
Sulawesi Selatan,Makassar,Cabai Rawit,2072.1,26.7,78.3,5.26,2,2,3,2.77,10026.9
Sumatera Utara,Langkat,Cabai Rawit,2020.2,25.6,89.9,5.66,2,2,1,1.1,7857.1
Sulawesi Selatan,Gowa,Jagung,1623.8,27.8,88.4,5.23,3,2,1,13.07,7564.1
Banten,Tangerang,Tebu,1852.6,27.0,74.5,5.98,1,5,4,67.62,57456.3
Sulawesi Selatan,Makassar,Jagung,2410.5,28.1,82.7,5.1,2,2,2,19.84,4557.2
Maluku,Maluku Tengah,Cabai Rawit,2762.9,27.5,87.7,5.52,1,1,2,10.51,7541.5
Papua Barat,Manokwari,Cabai Rawit,2339.1,26.2,86.3,5.46,1,3,1,4.65,6326.9
Papua,Sarmi,Bawang Merah,1916.7,27.5,89.9,4.39,2,3,3,0.8,13675.8
Nusa Tenggara Barat,Lombok Timur,Cabai Rawit,1082.1,28.7,70.7,5.84,3,2,3,6.14,6635.3
Papua Tengah,Nabire,Bawang Merah,2156.1,26.0,82.3,5.67,3,3,3,3.03,9443.4
Papua Selatan,Merauke,Jagung,2452.6,25.4,86.7,5.22,2,2,3,15.68,5551.4
Jawa Tengah,Klaten,Jagung,1143.6,26.4,78.2,5.16,3,3,4,30.22,5604.0
Kalimantan Selatan,Tanah Laut,Bawang Merah,2558.3,28.6,88.7,5.5,3,3,2,3.69,12796.5
Sulawesi Tengah,Morowali,Cabai Rawit,1725.5,26.9,74.0,5.43,3,2,2,16.0,9085.8
Sulawesi Tenggara,Konawe,Tebu,1751.7,27.0,86.2,5.32,4,2,3,36.62,77224.5
Sumatera Barat,Pasaman,Tebu,2336.8,26.5,85.1,5.05,2,2,1,48.24,62626.8
Kalimantan Selatan,Banjar,Cabai Rawit,2979.1,29.0,94.9,5.05,3,3,3,10.49,6560.9
Jawa Tengah,Klaten,Padi,1744.0,25.6,78.0,6.01,2,1,3,10.98,7345.5
Nusa Tenggara Barat,Bima,Bawang Merah,1242.6,28.1,64.0,5.63,3,3,1,1.64,13256.8
Nusa Tenggara Barat,Sumbawa,Cabai Rawit,737.5,28.1,68.6,5.71,2,2,1,3.09,11128.4
Bengkulu,Bengkulu,Cabai Rawit,2041.7,27.4,78.3,5.68,3,3,4,2.85,10432.4
Sumatera Barat,Agam,Padi,2067.8,27.6,88.8,4.27,2,4,2,15.16,6636.9
Nusa Tenggara Barat,Lombok Tengah,Jagung,1522.1,30.7,63.5,6.01,2,2,2,36.19,4140.2
Sulawesi Utara,Manado,Padi,1660.9,25.8,89.5,6.29,4,3,2,29.83,6230.9
Jawa Timur,Blitar,Tebu,1434.3,28.2,83.4,4.63,2,3,1,48.98,60044.8
Kalimantan Utara,Tarakan,Padi,1788.2,26.2,84.5,4.59,1,3,3,29.31,5231.7
Jawa Barat,Cirebon,Tebu,2337.4,25.6,80.7,6.01,3,2,1,27.02,99375.0
Sulawesi Barat,Mamuju,Jagung,1570.8,26.8,75.3,6.01,3,4,2,13.82,5902.9
Papua Barat,Sorong,Cabai Rawit,2419.3,26.6,86.7,5.49,2,3,3,3.3,6573.4
Jambi,Muaro Jambi,Bawang Merah,3101.4,25.8,89.0,5.02,3,2,5,5.1,8374.2
Jawa Timur,Blitar,Bawang Merah,2238.0,26.7,76.8,6.53,3,2,4,1.82,9386.5
Lampung,Lampung Selatan,Padi,1824.6,25.9,79.3,5.71,3,3,1,17.26,5265.6
Jawa Timur,Surabaya,Bawang Merah,2594.0,28.2,90.1,5.16,4,3,3,3.45,11188.1
Jawa Timur,Tuban,Jagung,1713.3,28.6,70.4,5.14,3,2,2,8.32,5448.6
Sulawesi Tengah,Donggala,Tebu,1879.3,28.5,83.4,6.19,2,2,2,38.27,51970.1
Bangka Belitung,Bangka,Padi,2212.7,27.7,85.5,5.84,4,1,3,15.77,5260.0
Kalimantan Selatan,Banjarmasin,Jagung,3500.0,28.8,82.5,6.04,1,3,2,15.42,7113.0
Sumatera Barat,Agam,Bawang Merah,2884.9,27.1,78.7,5.51,2,3,4,2.88,12212.7
Jawa Timur,Kediri,Tebu,1510.9,27.9,90.8,5.16,3,2,2,58.69,77097.4
Maluku,Seram Bagian Timur,Jagung,2259.3,26.4,83.6,4.99,1,3,3,48.24,5150.0
Kalimantan Timur,Balikpapan,Tebu,2077.9,26.6,90.6,5.04,2,3,1,31.93,99425.7
Jawa Tengah,Boyolali,Tebu,1581.7,28.1,78.5,5.97,3,2,2,15.5,90993.6
Papua,Mamberamo Raya,Bawang Merah,2680.7,28.1,85.7,4.63,3,3,4,1.22,9558.4
Bengkulu,Bengkulu,Jagung,2012.8,27.3,79.4,6.12,1,4,3,13.49,6979.4
DKI Jakarta,Jakarta Timur,Bawang Merah,2222.0,27.8,81.7,4.84,3,2,2,0.71,8079.0
Papua Barat Daya,Sorong,Bawang Merah,1947.4,28.1,89.3,5.56,3,2,4,1.49,8368.4
Bengkulu,Bengkulu,Padi,1877.3,27.8,94.6,4.54,3,2,3,13.56,5389.7
Nusa Tenggara Barat,Sumbawa,Jagung,1314.8,30.4,79.6,7.19,1,3,3,42.29,8435.8
Sumatera Utara,Deli Serdang,Cabai Rawit,3083.6,26.7,84.0,5.04,3,2,2,4.45,6880.1
Bali,Buleleng,Bawang Merah,2321.3,28.3,72.1,7.22,3,1,4,0.6,8126.3
Bangka Belitung,Bangka,Jagung,1863.0,27.4,88.4,5.03,3,2,2,9.6,4347.5
Jawa Barat,Subang,Tebu,2514.0,28.5,85.8,6.15,5,2,2,38.09,84436.0
Kalimantan Selatan,Banjarbaru,Tebu,1778.4,27.9,83.9,5.75,1,3,2,90.77,53252.1
Jawa Timur,Lamongan,Padi,2480.2,30.3,84.1,5.71,2,3,2,22.21,7479.8
Sumatera Selatan,Palembang,Jagung,2669.1,26.1,90.2,5.18,1,1,3,18.75,4463.2
Gorontalo,Boalemo,Cabai Rawit,2101.0,28.2,79.0,6.65,2,5,2,6.96,9323.8
Jawa Tengah,Semarang,Jagung,2171.5,27.4,85.4,5.2,2,3,1,17.85,6894.6
Kalimantan Timur,Kutai Timur,Jagung,2290.0,28.4,93.0,5.53,3,4,2,24.27,4372.0
Jawa Barat,Tasikmalaya,Jagung,1888.2,26.5,89.3,6.16,4,2,1,61.09,4302.6
Sumatera Utara,Serdang Bedagai,Bawang Merah,1894.7,24.7,87.6,5.19,2,2,2,7.14,8316.8
Sumatera Selatan,Musi Banyuasin,Tebu,2531.1,26.5,79.7,5.28,1,1,3,49.54,64989.4
Jawa Barat,Bandung,Cabai Rawit,1312.5,27.7,86.7,5.61,2,1,3,6.75,6515.4
Banten,Lebak,Cabai Rawit,2124.1,28.5,89.9,5.43,3,1,2,3.68,8157.3
Nusa Tenggara Timur,Ngada,Cabai Rawit,1304.6,30.5,77.7,7.09,2,2,3,3.52,11976.7
Sulawesi Tengah,Morowali,Tebu,1536.6,27.2,76.2,4.2,3,2,2,16.13,51843.3
Papua Barat,Sorong,Bawang Merah,2513.9,26.6,92.8,5.01,1,2,3,5.87,13220.1
Nusa Tenggara Timur,Ngada,Jagung,1375.4,28.2,71.0,5.55,2,1,2,32.57,5909.3
Maluku Utara,Ternate,Padi,2187.2,26.6,91.3,5.07,2,2,5,16.43,6789.4
Sulawesi Selatan,Makassar,Tebu,2631.2,27.6,82.6,6.28,4,1,2,78.16,92381.0
Bali,Denpasar,Padi,1455.7,27.4,84.9,5.33,1,2,2,10.58,6362.1
Jawa Timur,Madiun,Padi,1723.2,26.8,78.7,5.59,3,3,2,23.01,7490.5
Jawa Timur,Kediri,Jagung,1740.2,27.9,72.9,6.65,3,1,4,9.12,7875.4
Sumatera Selatan,Musi Banyuasin,Bawang Merah,2615.7,25.6,78.4,5.93,3,3,4,4.15,10960.9
Gorontalo,Bone Bolango,Cabai Rawit,2045.6,26.7,81.8,5.29,3,1,3,1.55,8484.7
Kalimantan Timur,Samarinda,Tebu,2238.2,26.7,83.8,5.03,1,3,2,31.67,94126.7
Riau,Siak,Tebu,2437.8,26.2,80.8,5.69,4,3,3,20.48,52899.2
Jawa Barat,Cirebon,Jagung,1848.6,27.0,91.5,5.79,2,3,1,24.46,8797.7
Jawa Barat,Cianjur,Cabai Rawit,1543.4,26.7,80.2,5.91,4,1,2,2.43,11556.0
DI Yogyakarta,Kulon Progo,Jagung,1128.2,28.2,79.4,5.77,2,4,2,30.87,7166.6
Sulawesi Barat,Mamasa,Bawang Merah,2438.9,26.8,91.3,5.38,2,2,4,6.68,10084.1
Lampung,Lampung Tengah,Padi,1858.4,26.7,81.0,4.92,2,3,2,24.96,6915.8
DI Yogyakarta,Sleman,Tebu,1162.3,27.9,75.3,6.42,4,3,3,28.8,80664.5
Maluku,Ambon,Cabai Rawit,3500.0,29.3,93.4,4.49,1,2,1,2.3,7612.0
Jawa Barat,Bandung,Bawang Merah,1519.1,26.7,67.5,6.54,3,2,3,1.22,12116.5
Jawa Timur,Kediri,Bawang Merah,1587.5,28.5,78.6,5.26,3,3,4,5.85,12201.2
Nusa Tenggara Barat,Bima,Tebu,1632.1,29.0,72.5,7.31,2,1,4,38.89,97317.1
Papua Barat Daya,Sorong,Cabai Rawit,2207.4,26.3,83.8,5.67,1,2,4,3.01,8841.3
Nusa Tenggara Barat,Lombok Timur,Padi,1548.3,28.9,80.5,5.98,1,1,1,25.45,6336.1
Kalimantan Tengah,Pulang Pisau,Bawang Merah,2863.1,29.1,90.5,4.61,4,1,4,3.99,10428.7
Kepulauan Riau,Lingga,Cabai Rawit,1452.6,26.0,83.6,5.06,3,3,2,0.93,6075.3
Papua Barat Daya,Raja Ampat,Tebu,3184.7,27.6,90.5,5.64,3,3,3,28.06,94181.0
Kepulauan Riau,Natuna,Padi,2150.4,25.8,83.3,5.89,3,2,3,31.35,6996.5
Kalimantan Barat,Sambas,Tebu,2568.1,27.1,92.4,4.55,4,1,3,19.92,68618.6
Kalimantan Barat,Sambas,Cabai Rawit,2141.6,27.9,93.2,4.2,2,2,2,3.06,7437.1
Maluku Utara,Halmahera Tengah,Cabai Rawit,2222.1,26.9,80.1,5.05,3,2,3,7.14,11610.9
Sumatera Utara,Serdang Bedagai,Tebu,1692.7,27.8,84.8,4.27,3,1,2,21.94,76330.8
Jawa Barat,Cianjur,Tebu,1965.1,28.6,74.9,6.49,4,2,3,69.27,96559.3
Bengkulu,Lebong,Jagung,2179.9,25.9,75.8,6.25,1,2,2,21.73,5030.2
Kalimantan Selatan,Tanah Laut,Padi,2474.7,27.1,87.4,4.88,3,3,3,10.4,5889.8
Jawa Tengah,Boyolali,Cabai Rawit,1835.6,27.3,73.1,5.54,3,3,4,6.05,7244.6
Sulawesi Selatan,Makassar,Padi,2569.8,28.2,80.3,5.51,2,2,3,19.23,5367.5
Kalimantan Timur,Kutai Kartanegara,Cabai Rawit,1773.0,26.6,80.1,4.56,2,4,2,4.22,7202.9
Kalimantan Timur,Kutai Barat,Tebu,2283.7,27.1,88.4,5.53,2,2,2,34.57,72388.9
DKI Jakarta,Jakarta Pusat,Padi,1563.8,26.8,91.9,7.59,1,2,3,23.43,4756.4
Maluku,Ambon,Tebu,3166.2,27.6,85.4,4.87,2,3,1,67.72,67536.1
Kalimantan Selatan,Barito Kuala,Jagung,2258.9,26.7,85.3,5.39,2,2,3,9.44,4721.8
Jawa Tengah,Grobogan,Tebu,2264.5,27.0,85.3,6.34,4,4,2,76.39,68533.3
Aceh,Pidie,Tebu,1753.4,26.3,81.7,4.2,2,1,3,31.84,52657.8
Jawa Barat,Sukabumi,Tebu,1802.2,28.5,82.2,6.11,2,4,4,21.75,68537.1
Jawa Barat,Garut,Tebu,2313.6,28.8,85.5,6.98,2,2,3,31.83,71541.1
Sumatera Utara,Simalungun,Jagung,2243.6,27.8,85.3,5.79,2,3,2,40.46,4315.4
Sulawesi Tengah,Palu,Jagung,2004.1,26.3,94.5,5.15,3,3,3,31.86,6261.6
Papua,Yahukimo,Bawang Merah,2347.1,28.4,93.4,4.55,3,3,4,5.34,11336.4
Jawa Tengah,Boyolali,Jagung,1750.0,26.9,76.6,6.26,3,1,1,48.45,4565.6
Kalimantan Barat,Kubu Raya,Jagung,2292.4,27.1,82.0,4.93,5,3,3,15.92,4944.8
Aceh,Pidie,Bawang Merah,2380.9,25.2,81.5,5.16,3,5,2,3.22,13598.7
Jawa Timur,Kediri,Padi,1820.9,29.4,82.6,5.97,3,2,4,22.33,6809.2
Nusa Tenggara Barat,Lombok Barat,Tebu,986.2,29.6,76.9,6.32,3,3,1,12.52,87243.7
Nusa Tenggara Barat,Bima,Cabai Rawit,1039.7,27.5,65.8,6.3,2,3,3,4.49,9534.8
Sulawesi Selatan,Wajo,Tebu,1898.9,26.0,78.2,5.98,2,2,2,29.27,72979.7
Nusa Tenggara Timur,Manggarai,Padi,981.2,31.0,75.1,6.3,2,3,5,15.71,5023.6
Papua Tengah,Paniai,Padi,2702.4,27.0,91.6,5.1,2,3,3,9.75,4780.9
DI Yogyakarta,Bantul,Tebu,2404.6,28.6,80.1,5.51,3,4,3,48.78,74940.8
Sulawesi Utara,Bolaang Mongondow,Bawang Merah,1180.5,28.2,80.0,5.05,2,5,2,5.14,8110.4
Sulawesi Selatan,Maros,Jagung,1949.4,27.7,71.9,5.49,3,4,4,15.85,5311.4
Bangka Belitung,Bangka Tengah,Bawang Merah,2370.7,25.7,89.8,4.2,2,4,1,3.79,12482.6
Jambi,Muaro Jambi,Jagung,2446.5,26.4,87.4,5.62,2,4,3,12.9,6381.2
Sumatera Barat,Solok,Tebu,3138.4,24.3,90.4,5.07,4,2,2,20.2,91659.1
Kalimantan Utara,Nunukan,Bawang Merah,2940.4,28.5,93.7,5.41,3,3,4,14.35,8036.3
Papua Selatan,Boven Digoel,Cabai Rawit,2185.5,26.6,86.6,4.49,3,2,2,3.52,11485.5
Lampung,Lampung Tengah,Cabai Rawit,1520.6,28.1,88.2,5.87,3,1,2,3.75,8059.9
DKI Jakarta,Jakarta Barat,Padi,1170.0,25.5,85.1,5.34,2,3,1,13.32,6077.3
Bali,Klungkung,Bawang Merah,1960.6,27.5,76.4,6.69,1,3,2,3.48,10806.7
Sulawesi Utara,Tomohon,Jagung,1859.8,27.2,85.8,5.51,3,1,2,29.22,7218.9
Sumatera Selatan,Ogan Ilir,Padi,1981.0,26.2,86.7,4.45,2,1,1,32.32,4837.6
Sulawesi Utara,Tomohon,Cabai Rawit,2273.2,26.2,83.5,6.25,2,2,3,1.2,9028.4
Jawa Timur,Madiun,Tebu,1093.9,26.2,76.3,6.27,1,1,2,48.81,75195.5
Kalimantan Barat,Landak,Tebu,2482.1,28.3,82.3,4.89,2,1,4,34.03,68208.4
Kepulauan Riau,Batam,Padi,1794.1,25.8,87.8,5.61,2,1,4,24.61,5239.3
Kalimantan Barat,Kubu Raya,Cabai Rawit,2955.1,28.0,89.0,5.47,3,3,2,1.24,9451.7
Jawa Tengah,Tegal,Tebu,2319.0,27.6,74.8,5.88,1,2,2,45.57,57915.3
Banten,Lebak,Padi,1683.7,27.8,71.1,5.28,2,4,1,3.1,6290.9
Jawa Barat,Sukabumi,Jagung,2174.8,29.1,91.8,5.86,5,1,3,62.33,4909.3
Kepulauan Riau,Tanjung Pinang,Jagung,1848.9,27.0,91.3,6.05,2,2,1,22.35,4835.1
Kalimantan Selatan,Banjarbaru,Padi,2911.2,26.1,81.5,5.41,3,2,3,12.6,5040.4
Sulawesi Tenggara,Kendari,Cabai Rawit,1604.4,26.6,78.0,5.63,1,2,4,7.54,11708.4
Sulawesi Tenggara,Konawe Selatan,Padi,2098.5,27.4,87.0,5.82,3,4,3,25.25,5694.0
Jawa Tengah,Kebumen,Padi,2220.0,26.7,81.8,5.93,4,3,1,43.31,7324.7
Maluku Utara,Halmahera Selatan,Tebu,2376.2,27.7,86.7,4.87,3,3,3,21.46,96300.6
Nusa Tenggara Timur,Ende,Tebu,1365.5,28.0,73.7,5.95,4,3,4,77.04,55389.2
Sumatera Barat,Pesisir Selatan,Bawang Merah,1863.8,26.4,80.2,5.8,4,3,3,11.62,11665.2
Bangka Belitung,Belitung Timur,Tebu,1725.7,24.2,89.4,5.21,3,2,3,23.7,97005.7
Maluku Utara,Tidore,Bawang Merah,2956.7,25.5,87.1,4.75,3,1,2,8.03,9074.1
Jambi,Kota Jambi,Cabai Rawit,1296.3,25.9,79.5,4.77,2,2,2,4.27,8926.4
Jawa Timur,Jember,Cabai Rawit,1709.0,28.4,78.9,5.42,4,3,3,6.41,11925.7
Aceh,Aceh Besar,Tebu,2822.5,24.2,82.4,5.17,4,4,3,150.0,78791.2
Bengkulu,Lebong,Tebu,1315.0,26.5,85.4,4.6,2,2,2,60.91,85586.5
Sulawesi Tengah,Poso,Tebu,2024.8,28.1,72.0,5.77,2,2,3,40.46,61531.9
Jawa Timur,Madiun,Cabai Rawit,1738.4,25.6,80.9,6.16,2,3,3,5.59,11581.4
Jawa Timur,Bondowoso,Padi,2298.0,27.4,74.4,6.11,2,3,3,13.84,7414.0
Nusa Tenggara Timur,Alor,Jagung,881.5,28.8,69.2,5.89,2,3,2,25.58,4041.4
Nusa Tenggara Timur,Ngada,Tebu,1551.2,31.3,65.3,7.03,2,2,1,91.05,89155.5
Jawa Tengah,Grobogan,Cabai Rawit,2166.2,27.9,74.8,5.22,2,1,2,1.9,7415.2
Sumatera Utara,Serdang Bedagai,Jagung,2004.2,25.6,88.3,4.46,3,3,4,7.03,8111.5
Sulawesi Selatan,Sinjai,Tebu,1526.8,26.5,75.2,5.92,1,4,2,20.91,54252.3
Riau,Pekanbaru,Bawang Merah,1889.7,26.2,89.8,5.47,4,3,1,3.42,9962.5
Sulawesi Selatan,Bantaeng,Cabai Rawit,2452.8,26.3,88.7,6.44,3,1,5,3.11,8757.3
Sumatera Barat,Pesisir Selatan,Padi,2912.3,26.5,78.7,5.82,2,3,2,53.04,4606.5
Papua,Mamberamo Raya,Tebu,3229.1,27.2,94.1,4.95,2,3,2,24.29,59051.0
Sulawesi Selatan,Barru,Cabai Rawit,2171.7,28.8,80.9,5.47,2,1,2,4.74,9477.7
Jawa Timur,Jember,Padi,2062.4,27.2,71.8,5.91,3,2,3,12.85,4995.8
Bali,Karangasem,Jagung,1798.6,26.9,81.1,5.35,3,3,2,14.95,8985.1
Sulawesi Tenggara,Muna,Cabai Rawit,1933.5,26.0,83.8,6.29,3,1,4,4.2,7097.5
Nusa Tenggara Timur,Manggarai,Jagung,765.6,30.0,63.6,6.66,4,3,2,24.16,5417.0
Banten,Tangerang Selatan,Padi,1640.3,26.9,84.5,7.07,3,2,2,16.44,7444.9
Jambi,Tanjung Jabung Barat,Tebu,1777.7,26.3,76.9,5.31,3,1,5,31.85,89227.4
Kalimantan Utara,Tana Tidung,Padi,2362.2,27.0,95.0,5.52,3,3,3,6.32,6583.0
Nusa Tenggara Timur,Kupang,Bawang Merah,1082.8,29.9,71.7,6.45,3,2,1,4.31,12448.3
Jawa Timur,Madiun,Jagung,2017.9,26.0,85.0,5.26,3,4,2,23.14,8357.6
Jawa Timur,Bojonegoro,Padi,2266.3,27.3,72.6,5.89,2,1,2,13.77,5936.5
Lampung,Lampung Tengah,Tebu,1895.6,26.6,81.9,6.29,2,2,2,62.1,81144.6
Jawa Timur,Malang,Bawang Merah,2128.5,27.7,74.1,6.48,4,2,2,2.85,11009.4
Kalimantan Selatan,Barito Kuala,Padi,2758.0,26.4,79.2,4.77,1,2,2,13.95,6147.7
Riau,Pelalawan,Cabai Rawit,2477.0,26.8,83.8,5.73,3,3,4,2.46,9104.6
Nusa Tenggara Timur,Kupang,Padi,1221.8,27.7,74.6,6.75,2,2,1,23.31,6660.6
Jawa Tengah,Brebes,Padi,1957.8,27.5,82.0,6.27,2,1,1,4.91,6714.0
Nusa Tenggara Timur,TTS,Cabai Rawit,618.4,29.9,67.3,6.73,1,4,3,3.36,6554.1
Papua Barat,Teluk Wondama,Tebu,3404.1,26.4,95.8,5.72,4,3,5,49.31,73474.2
Kalimantan Barat,Sambas,Jagung,3046.4,28.4,85.0,4.3,3,3,4,14.34,5342.0
Jawa Tengah,Grobogan,Jagung,2272.6,27.7,85.1,6.87,3,1,2,21.99,7307.2
Jawa Barat,Subang,Padi,2229.6,29.1,73.4,4.93,2,2,3,60.88,4787.9
Sulawesi Tenggara,Konawe Selatan,Bawang Merah,2193.6,26.4,86.4,6.08,4,4,4,7.04,12163.0
Jawa Barat,Cianjur,Bawang Merah,1919.2,27.5,85.0,5.32,5,4,4,9.28,8712.1
Papua Pegunungan,Lanny Jaya,Cabai Rawit,2389.3,26.6,95.1,4.98,3,3,2,3.31,6222.3
Bali,Tabanan,Jagung,1853.1,25.7,76.5,6.79,2,3,3,16.57,6990.4
Sulawesi Tenggara,Muna,Tebu,1747.5,27.8,78.3,6.21,3,3,4,105.75,70117.8
Aceh,Bireuen,Padi,2560.0,27.4,77.3,5.0,1,3,1,8.23,7288.8
Kepulauan Riau,Karimun,Tebu,1753.7,26.1,79.5,5.6,2,4,2,21.01,88866.8
Kepulauan Riau,Batam,Tebu,2213.2,25.8,90.0,5.48,3,4,2,51.66,70189.5
Jawa Tengah,Kebumen,Jagung,1820.0,26.9,70.8,5.86,3,3,3,8.97,5633.2
Sulawesi Barat,Mamuju,Padi,2371.0,26.9,85.2,5.24,2,3,2,38.41,5155.1
Kalimantan Utara,Tana Tidung,Tebu,2490.2,28.5,90.4,4.2,2,1,2,118.49,52938.0
Maluku Utara,Halmahera Selatan,Cabai Rawit,2816.9,26.4,87.2,5.67,1,2,2,1.78,11129.0
Jawa Timur,Lamongan,Cabai Rawit,791.4,28.1,85.8,6.46,2,1,1,1.94,6189.0
Gorontalo,Boalemo,Tebu,2854.3,27.7,85.4,5.19,2,1,2,32.22,59209.0
Jawa Timur,Bojonegoro,Cabai Rawit,1846.3,26.2,87.5,6.02,3,4,2,6.84,6585.9
Nusa Tenggara Barat,Lombok Tengah,Bawang Merah,1544.1,30.1,82.5,6.25,2,2,3,2.74,9885.6
Maluku,Seram Bagian Barat,Cabai Rawit,2506.1,28.1,83.4,5.0,1,2,2,6.04,7488.7
Sulawesi Selatan,Barru,Tebu,2006.9,27.7,67.0,6.91,3,3,2,30.17,93798.1
Sumatera Barat,Solok,Bawang Merah,2267.6,26.1,82.1,4.74,2,1,3,3.24,12997.7
Nusa Tenggara Barat,Sumbawa,Tebu,2302.1,27.8,73.0,7.6,4,3,4,52.64,53900.6
Jawa Timur,Kediri,Cabai Rawit,1982.4,27.6,85.2,6.45,4,3,4,6.47,8222.8
Bengkulu,Bengkulu Utara,Padi,2738.5,25.5,77.1,5.5,1,2,2,15.42,5246.6
Jawa Timur,Malang,Jagung,1745.5,26.7,65.8,6.58,1,3,3,18.12,6070.5
Nusa Tenggara Timur,Kupang,Tebu,1030.5,29.7,72.0,5.26,1,4,2,33.52,72967.6
Bali,Tabanan,Tebu,2063.4,27.6,80.5,4.2,2,3,2,50.68,69116.2
Sulawesi Selatan,Maros,Cabai Rawit,1903.8,28.0,71.1,5.28,2,3,3,4.56,6771.7
Nusa Tenggara Barat,Lombok Timur,Tebu,647.0,28.5,74.7,5.33,3,3,1,19.75,54111.6
Nusa Tenggara Timur,Manggarai,Cabai Rawit,1778.4,29.9,80.4,6.24,2,4,3,2.84,8108.0
Jawa Timur,Tuban,Padi,1594.7,27.4,67.2,5.77,3,3,4,7.59,6181.3
Nusa Tenggara Timur,TTS,Bawang Merah,1407.0,27.2,70.7,6.06,3,1,2,4.33,12321.7
Nusa Tenggara Timur,Ngada,Bawang Merah,1925.8,27.3,78.9,6.02,1,3,3,2.89,13434.2
Sulawesi Selatan,Wajo,Cabai Rawit,2348.0,26.6,72.7,6.83,4,3,3,1.73,8745.0
Jawa Timur,Blitar,Padi,1935.1,26.4,89.2,5.53,1,4,2,14.52,5017.3
